subject_id,trial_id,label,p0,p1,p2,p3
s01,0,2,0.00016351995873264968,0.0009714156039990485,0.9977413415908813,0.0011237066937610507
s01,1,3,0.7660828232765198,0.11565203219652176,0.005680072121322155,0.11258502304553986
s01,2,3,0.6642401814460754,0.18950921297073364,0.008695365861058235,0.13755527138710022
s01,3,2,0.00024751335149630904,0.9353702664375305,0.0643492043018341,3.303301491541788e-05
s01,4,0,0.10984518378973007,0.8766855001449585,0.01127654779702425,0.002192811109125614
s01,5,0,0.2571946084499359,0.10456530004739761,0.003754859557375312,0.6344852447509766
s01,6,2,0.0053249248303473,0.07709445059299469,0.8570924401283264,0.06048812344670296
s01,7,3,7.563875988125801e-05,0.0005471095209941268,2.7275304091745056e-05,0.9993500113487244
s01,8,2,4.98154986416921e-06,6.421866149963762e-09,0.9999949932098389,3.9358663883604095e-08
s01,9,0,0.01361860055476427,0.0011445508571341634,0.10408109426498413,0.8811557292938232
s01,10,1,0.20831145346164703,0.5332286357879639,0.013760732486844063,0.24469920992851257
s01,11,0,0.03866514563560486,0.5668025016784668,0.08673888444900513,0.30779343843460083
s01,12,2,0.012514147907495499,0.04156763479113579,0.7858873009681702,0.16003094613552094
s01,13,3,0.660245418548584,0.00963258184492588,0.018095925450325012,0.3120260536670685
s01,14,2,0.42504170536994934,0.025224018841981888,0.5486682653427124,0.0010659780818969011
s01,15,2,0.0001661470450926572,0.0018264867831021547,0.9973364472389221,0.0006709881708957255
s01,16,0,0.9059223532676697,0.03928525000810623,0.05410133674740791,0.0006911754608154297
s01,17,1,0.8649091124534607,0.0006705911946482956,0.1327521800994873,0.0016681489069014788
s01,18,3,0.7046734094619751,0.12847964465618134,0.0003139938344247639,0.16653291881084442
s01,19,2,0.004981789737939835,0.004395407624542713,0.9888527393341064,0.0017701199976727366
s01,20,2,0.013795296661555767,0.03855430334806442,0.926838219165802,0.020812159404158592
s01,21,0,0.9609577655792236,0.006839076988399029,0.02940463274717331,0.00279841641895473
s01,22,1,0.58646559715271,0.37426459789276123,0.026244238018989563,0.013025523163378239
s01,23,1,0.00011438891669968143,0.9132326245307922,0.009863866493105888,0.07678920030593872
s01,24,1,0.6295459270477295,0.050545770674943924,0.3117043972015381,0.008203926496207714
s01,25,2,0.012453999370336533,0.04764712229371071,0.9302492141723633,0.009649675339460373
s01,26,0,0.01963678188621998,0.044858042150735855,0.9306621551513672,0.004842989146709442
s01,27,0,0.39966535568237305,0.10606386512517929,0.050400663167238235,0.44387006759643555
s01,28,1,0.10646416991949081,0.2781512141227722,0.13883252441883087,0.4765521287918091
s01,29,2,0.00030336901545524597,0.0012264179531484842,0.9869673848152161,0.011502866633236408
s01,30,3,0.012196631170809269,0.01742669567465782,0.012436103075742722,0.9579405784606934
s01,31,0,0.0020040427334606647,0.009682866744697094,0.9283503293991089,0.05996275693178177
s01,32,2,0.0008642152533866465,8.654066186863929e-05,0.9984851479530334,0.0005640125600621104
s01,33,1,0.0008005832205526531,0.19704975187778473,0.23696786165237427,0.5651817917823792
s01,34,0,0.8144464492797852,0.01963472180068493,0.16016408801078796,0.005754642654210329
s01,35,3,0.008510430343449116,0.001128531526774168,0.020906420424580574,0.9694547057151794
s01,36,1,0.9177672266960144,0.08193706721067429,0.00025543422088958323,4.02831137762405e-05
s01,37,2,0.14826089143753052,0.7538626194000244,0.09717009961605072,0.0007063527009449899
s01,38,0,0.00922453124076128,0.9874186515808105,0.003314422443509102,4.242385330144316e-05
s01,39,0,0.005455675069242716,0.13417944312095642,0.8150718808174133,0.04529302194714546
s01,40,2,0.0008731050183996558,0.00706696230918169,0.8592930436134338,0.13276687264442444
s01,41,1,0.0027499007992446423,0.6087342500686646,0.3649272918701172,0.02358854003250599
s01,42,0,0.3200768828392029,0.0015798702370375395,0.675046443939209,0.0032968013547360897
s01,43,3,3.513568174184911e-07,9.316984687757213e-06,3.7443228393385652e-06,0.9999866485595703
s01,44,3,0.015194831416010857,0.39135056734085083,0.0001673857623245567,0.5932872891426086
s01,45,3,2.436385955206788e-07,7.631695916643366e-05,0.0005485611036419868,0.9993748068809509
s01,46,0,0.9996503591537476,2.548666816437617e-05,5.120361674926244e-05,0.0002728684339672327
s01,47,0,0.019091425463557243,0.04030321165919304,0.1090245321393013,0.8315808773040771
s01,48,3,0.014218435622751713,0.002575693419203162,0.04546171799302101,0.937744140625
s01,49,1,0.11684947460889816,7.707574695814401e-06,0.8829943537712097,0.00014845318219158798
s01,50,0,0.35878804326057434,0.007116885855793953,0.6339803338050842,0.00011468507727840915
s01,51,2,0.8136451840400696,0.18289822340011597,0.0034387337509542704,1.7849088180810213e-05
s01,52,3,0.927751362323761,0.0033179118763655424,0.0005636599380522966,0.06836698949337006
s01,53,1,0.007287893444299698,0.9853963255882263,0.0009694055188447237,0.0063463132828474045
s01,54,2,0.1526685357093811,0.016994163393974304,0.7266581654548645,0.1036791056394577
s01,55,3,0.0001769844675436616,0.0001746210182318464,0.0009011538350023329,0.9987472295761108
s01,56,0,0.37241223454475403,0.011293234303593636,0.4630931317806244,0.1532014161348343
s01,57,0,0.06420724838972092,0.7182825803756714,0.1544579565525055,0.06305225193500519
s01,58,1,0.0012683916138485074,0.0007478524348698556,0.8429672122001648,0.15501649677753448
s01,59,1,0.006514979526400566,0.13327132165431976,0.000463740318082273,0.8597499132156372
s01,60,1,0.0309853907674551,0.7848952412605286,0.031513188034296036,0.15260609984397888
s01,61,3,0.48404163122177124,0.184682235121727,0.08110520988702774,0.2501709461212158
s01,62,1,0.00015844542940612882,0.008876819163560867,0.007822343148291111,0.9831423759460449
s01,63,1,0.025102226063609123,0.21353860199451447,0.07013293355703354,0.6912262439727783
s01,64,3,0.011495295912027359,0.004628386814147234,0.005891445092856884,0.9779847860336304
s01,65,1,0.11540769040584564,0.48931780457496643,0.2620818614959717,0.13319267332553864
s01,66,3,2.0051069441251457e-05,0.007532135583460331,0.0003203896922059357,0.9921274185180664
s01,67,0,0.9124046564102173,0.02884131483733654,0.050634998828172684,0.008119069039821625
s01,68,1,0.24117600917816162,0.10318490862846375,0.0010882577626034617,0.6545507907867432
s01,69,3,0.060481149703264236,0.00011157727567479014,0.9281319379806519,0.011275405995547771
s01,70,2,0.09239734709262848,0.00392938544973731,0.5272566080093384,0.3764166533946991
s01,71,2,0.814660906791687,0.1281653791666031,0.055993277579545975,0.001180405612103641
s02,0,3,4.5537115511251613e-05,0.0008404579130001366,0.0003360604168847203,0.9987779259681702
s02,1,1,0.055164750665426254,0.9351196885108948,0.0009499815059825778,0.008765571750700474
s02,2,2,0.9850369095802307,0.00391171732917428,0.00858009047806263,0.0024713571183383465
s02,3,0,0.9864647388458252,0.010265667922794819,5.811436039948603e-06,0.003263788763433695
s02,4,1,0.0028573162853717804,0.898561418056488,8.871345198713243e-05,0.09849260747432709
s02,5,3,0.9651682376861572,0.001718048588372767,0.01270759105682373,0.020406117662787437
s02,6,2,0.0019058353500440717,7.394226486212574e-06,0.2896249294281006,0.7084617614746094
s02,7,0,0.9960646033287048,0.0017309526447206736,0.0021940458100289106,1.0358097824791912e-05
s02,8,3,0.008537777699530125,0.9729920625686646,9.522398613626137e-05,0.01837502419948578
s02,9,1,0.27184492349624634,0.6305018067359924,0.01542096771299839,0.08223234117031097
s02,10,3,0.011498144827783108,1.2505452104960568e-05,0.0005299809854477644,0.9879593849182129
s02,11,2,1.248660555575043e-05,1.7964772268896922e-05,0.9999690055847168,5.251585548649018e-07
s02,12,1,0.08109687268733978,0.01529825571924448,0.08993228524923325,0.8136726021766663
s02,13,3,0.023153696209192276,0.21542127430438995,0.007766982540488243,0.7536580562591553
s02,14,3,0.005967507138848305,0.10459893196821213,0.8131466507911682,0.07628689706325531
s02,15,0,0.6846122145652771,0.006151170935481787,0.011882886290550232,0.29735371470451355
s02,16,2,4.876276875620533e-07,0.0003914619155693799,0.9995678067207336,4.028797411592677e-05
s02,17,3,0.027438411489129066,0.5467306971549988,0.0004134417977184057,0.4254174828529358
s02,18,2,0.00029233074747025967,0.9988829493522644,0.0008212398970499635,3.3997905575233744e-06
s02,19,3,0.17289932072162628,0.42138394713401794,0.4021473824977875,0.0035692830570042133
s02,20,2,0.13903918862342834,0.00033863051794469357,0.857365071773529,0.0032570436596870422
s02,21,0,0.3626822233200073,0.6345697045326233,0.002123416867107153,0.000624674663413316
s02,22,3,0.05117010697722435,0.031319357454776764,0.003710962599143386,0.9137995839118958
s02,23,2,0.9187361598014832,0.01300453394651413,0.06820434331893921,5.491546107805334e-05
s02,24,3,0.0019493510480970144,0.0005968678742647171,0.0018691964214667678,0.9955846667289734
s02,25,1,0.027877364307641983,0.9721071124076843,7.470991931768367e-06,7.975454536790494e-06
s02,26,3,0.037790171802043915,0.05812219902873039,0.0032679180148988962,0.900819718837738
s02,27,3,0.004471820313483477,0.6362534165382385,0.00019828714721370488,0.35907652974128723
s02,28,1,0.8277791738510132,0.02867099456489086,0.017796335741877556,0.1257535070180893
s02,29,0,0.4593971073627472,0.5322347283363342,8.826279372442514e-05,0.008279931731522083
s02,30,2,8.927584713092074e-05,2.0363142539281398e-05,0.9998745918273926,1.5722247553640045e-05
s02,31,0,0.857778787612915,0.001321634859777987,0.12699103355407715,0.013908596709370613
s02,32,3,0.7530744671821594,0.00030715897446498275,0.061507537961006165,0.18511076271533966
s02,33,0,0.13687823712825775,0.06080497428774834,0.23427750170230865,0.5680392980575562
s02,34,1,0.0025827151257544756,0.9931157231330872,0.00024302960082422942,0.004058600403368473
s02,35,3,0.05765805020928383,0.8818939328193665,0.052745044231414795,0.007702949456870556
s02,36,2,0.0023471603635698557,0.0003313003107905388,0.9972992539405823,2.2219606762519106e-05
s02,37,2,5.865912316949107e-05,4.378412268124521e-05,0.9998791217803955,1.8485181499272585e-05
s02,38,0,0.7837662100791931,0.00918552652001381,0.0007899829652160406,0.20625831186771393
s02,39,0,0.5441152453422546,0.37439289689064026,0.04249617084860802,0.03899572044610977
s02,40,2,0.0005345469107851386,0.004128600936383009,0.9935785531997681,0.0017582953441888094
s02,41,0,0.39405182003974915,0.34743818640708923,0.019509239122271538,0.2390008419752121
s02,42,2,0.01502721756696701,0.9203983545303345,0.06450177729129791,7.264490704983473e-05
s02,43,2,0.0038605337031185627,0.025941628962755203,0.9301295876502991,0.040068306028842926
s02,44,1,0.0008502533892169595,0.9906712770462036,0.0027836363296955824,0.005694911815226078
s02,45,1,0.3090372681617737,0.5745679140090942,0.10503984242677689,0.011354904621839523
s02,46,1,0.018060656264424324,0.9553914070129395,0.016221055760979652,0.010326860472559929
s02,47,3,0.7531163692474365,0.1297995150089264,0.04851948842406273,0.06856461614370346
s02,48,2,0.00011691956024151295,0.04267432168126106,0.9391472935676575,0.0180615596473217
s02,49,3,0.1399511843919754,0.001280818716622889,0.1319418102502823,0.7268261909484863
s02,50,2,2.7961032174061984e-05,2.5921096948877675e-06,0.999588668346405,0.00038079280056990683
s02,51,3,0.0712040364742279,0.7002087831497192,0.08105793595314026,0.14752928912639618
s02,52,2,0.0033146257046610117,0.00149095943197608,0.9951438903808594,5.053108907304704e-05
s02,53,0,0.05042332410812378,0.9249223470687866,0.006539665628224611,0.018114706501364708
s02,54,2,0.001129554701037705,0.00044605936273001134,0.9984111785888672,1.3231774573796429e-05
s02,55,1,0.006907245144248009,0.9875168204307556,0.005230678711086512,0.0003452308592386544
s02,56,3,0.10053709894418716,0.04453931003808975,0.00013782332825940102,0.8547857999801636
s02,57,0,0.4390121102333069,0.11461257934570312,0.007572604343295097,0.43880271911621094
s02,58,1,0.019803477451205254,0.9628345966339111,0.01689509116113186,0.0004668350738938898
s02,59,3,0.1254035085439682,0.005118869710713625,0.4939129054546356,0.37556466460227966
s02,60,3,0.03300249204039574,0.9099596738815308,0.030181681737303734,0.02685621567070484
s02,61,1,0.20168353617191315,0.0733741894364357,0.7247909903526306,0.0001512222661403939
s02,62,2,0.007884138263761997,0.7217856645584106,0.27011963725090027,0.00021050790383014828
s02,63,2,0.0007692184299230576,0.8700939416885376,0.043114058673381805,0.08602280914783478
s02,64,2,0.39358922839164734,0.00016587039863225073,0.6062045097351074,4.0349816117668524e-05
s02,65,0,0.8790164589881897,0.030072279274463654,0.041736118495464325,0.04917515069246292
s02,66,0,0.09293720871210098,0.7975565195083618,0.10886241495609283,0.0006438771961256862
s02,67,0,0.1613485962152481,0.6383813619613647,0.01628805138170719,0.18398195505142212
s02,68,0,0.04670003801584244,0.6417681574821472,0.3049672245979309,0.006564617622643709
s02,69,0,0.7799046635627747,0.005792559590190649,0.019315894693136215,0.19498682022094727
s02,70,1,0.5382343530654907,0.0027753845788538456,0.011098291724920273,0.4478920102119446
s02,71,1,0.00036847079172730446,0.9890212416648865,0.00017360081255901605,0.010436704382300377
s03,0,3,0.0006945207132957876,0.4644913077354431,2.9963161068735644e-05,0.534784197807312
s03,1,1,0.0005137220141477883,0.9906895160675049,0.001883279299363494,0.0069135455414652824
s03,2,1,0.00020980734552722424,0.9611471891403198,0.01614399626851082,0.02249901369214058
s03,3,2,6.527655204990879e-05,0.0021633412688970566,0.9877911806106567,0.009980271570384502
s03,4,3,0.13540609180927277,0.008993593044579029,0.049172256141901016,0.8064280152320862
s03,5,0,0.9995044469833374,8.796099427854642e-05,0.0003803497238550335,2.7258143745712005e-05
s03,6,0,0.9947192668914795,8.63262357597705e-07,0.004435814917087555,0.0008440446108579636
s03,7,3,0.0021552855614572763,0.07756085693836212,0.005170705262571573,0.9151132702827454
s03,8,2,0.43318283557891846,0.0036324537359178066,0.3477647304534912,0.2154199481010437
s03,9,3,0.00019971381698269397,0.0001250521163456142,5.017095190851251e-06,0.9996702671051025
s03,10,3,0.0003593831788748503,0.0006760086980648339,7.468671537935734e-05,0.9988899827003479
s03,11,0,0.9976490139961243,0.0015348311280831695,0.0007136994390748441,0.00010246029705740511
s03,12,2,0.0007722194422967732,0.1544010490179062,0.03798246756196022,0.8068442344665527
s03,13,0,0.9981796741485596,0.0012555327266454697,3.0228598006942775e-06,0.0005618612049147487
s03,14,3,0.004176856949925423,0.11874749511480331,0.00019342132145538926,0.8768822550773621
s03,15,2,0.40516218543052673,0.006885376293212175,0.5769147276878357,0.011037771590054035
s03,16,3,0.0015905295731499791,0.00010576983186183497,0.001827912055887282,0.996475875377655
s03,17,0,0.9996901750564575,0.00012701690138783306,0.00017610735085327178,6.635202680627117e-06
s03,18,2,0.0008347632247023284,0.11792250722646713,0.0058328015729784966,0.8754098415374756
s03,19,0,0.9999005794525146,3.9916221794555895e-06,7.873828144511208e-05,1.6580956071265973e-05
s03,20,2,0.9316949844360352,0.00615029176697135,0.0593130923807621,0.0028416768182069063
s03,21,2,0.7379606366157532,0.0005953469662927091,0.2566506862640381,0.004793399013578892
s03,22,2,0.004356743767857552,0.00149098364636302,0.9941346049308777,1.7596399629837833e-05
s03,23,1,0.03640589490532875,0.31732213497161865,0.6458835601806641,0.00038839993067085743
s03,24,1,0.0005763661465607584,0.9991776347160339,0.0002075584779959172,3.8419362681452185e-05
s03,25,2,0.001561684301123023,0.006848081946372986,0.987851083278656,0.0037392624653875828
s03,26,3,0.0034256884828209877,0.003110845573246479,0.160780131816864,0.8326833844184875
s03,27,0,0.9992103576660156,0.0007849471876397729,2.3825644746011676e-07,4.442762019607471e-06
s03,28,1,0.08797138184309006,0.8089023232460022,0.06042518839240074,0.04270115867257118
s03,29,1,3.439479405642487e-05,0.9992027878761292,3.797934914473444e-05,0.0007247773464769125
s03,30,0,0.9408591389656067,0.004010767210274935,0.054274141788482666,0.0008559110574424267
s03,31,0,0.9997904896736145,0.00011986253230134025,6.847280747024342e-05,2.1079133148305118e-05
s03,32,1,3.256722891364916e-07,0.9997710585594177,4.0238446672447026e-05,0.00018844558508135378
s03,33,3,0.0005889591411687434,0.0035452418960630894,0.4753047823905945,0.5205610394477844
s03,34,3,0.0018769009038805962,0.00031176937045529485,0.0001858991599874571,0.9976254105567932
s03,35,0,0.8915506601333618,0.10799311846494675,0.00026639181305654347,0.00018994513084180653
s03,36,2,0.03631850332021713,2.012760887737386e-05,0.9635719656944275,8.940986299421638e-05
s03,37,3,0.31728771328926086,0.5576995015144348,0.06622813642024994,0.058784693479537964
s03,38,1,0.03419557586312294,0.4347880184650421,0.5270148515701294,0.004001540131866932
s03,39,3,0.0002703320642467588,0.010677488520741463,8.324236114276573e-05,0.9889689683914185
s03,40,1,0.9496678709983826,0.049973014742136,0.00027123084873892367,8.787816477706656e-05
s03,41,2,0.0048749507404863834,0.02352023683488369,0.9414747953414917,0.03013000637292862
s03,42,2,0.0008062020060606301,0.0005392410093918443,0.998123824596405,0.0005307047395035625
s03,43,1,0.5507705807685852,0.13681839406490326,0.049908481538295746,0.262502521276474
s03,44,1,0.6855455636978149,0.22789813578128815,0.00098029978107661,0.08557606488466263
s03,45,3,0.21651946008205414,0.7212048172950745,0.007321563083678484,0.054954174906015396
s03,46,0,0.997865617275238,0.001127096125856042,0.0007640498224645853,0.00024331535678356886
s03,47,2,6.006397961755283e-05,4.938266556564486e-06,0.9999333620071411,1.5852466503929463e-06
s03,48,3,0.024864910170435905,0.26744768023490906,0.0003615457098931074,0.7073259353637695
s03,49,3,0.00029657373670488596,0.004075457341969013,0.00018753967015072703,0.9954403638839722
s03,50,0,0.9999810457229614,1.4354129234561697e-05,3.4026027151412563e-06,1.1803404049715027e-06
s03,51,0,0.9846998453140259,0.0006642354419454932,0.013812067918479443,0.0008238290320150554
s03,52,3,0.01041564904153347,0.06868167221546173,9.83175868896069e-06,0.9208928346633911
s03,53,2,0.13714218139648438,0.020857837051153183,0.8418747186660767,0.00012527230137493461
s03,54,2,0.0006587626994587481,0.013547583483159542,0.0017853296594694257,0.9840083122253418
s03,55,0,0.999813973903656,0.00016014123684726655,1.4936465959181078e-05,1.097456242860062e-05
s03,56,0,0.9990837574005127,9.755034989211708e-05,0.0008156663388945162,2.9216400889708893e-06
s03,57,0,0.9998201727867126,2.0343515643617138e-05,0.00014579016715288162,1.3728744306718e-05
s03,58,2,3.4185736694780644e-06,0.00010436935554025695,0.9998315572738647,6.063723412808031e-05
s03,59,2,2.1901958007219946e-06,0.041667744517326355,0.9547284841537476,0.003601652104407549
s03,60,3,0.02319498360157013,0.011641789227724075,3.3173208066727966e-05,0.9651300311088562
s03,61,1,6.864958413643762e-05,0.9998435974121094,5.966866228845902e-05,2.80570729955798e-05
s03,62,3,0.0002872928453143686,0.020503787323832512,0.007728881202638149,0.9714799523353577
s03,63,3,0.3563198149204254,0.09673092514276505,0.003045989666134119,0.5439032316207886
s03,64,2,0.0006037007551640272,0.00013405513891484588,1.371435519104125e-05,0.9992485642433167
s03,65,1,0.00014101937995292246,0.9766368269920349,0.010242516174912453,0.012979656457901001
s03,66,3,0.7168586850166321,0.003591154934838414,0.0008246732759289443,0.2787255346775055
s03,67,1,0.006412353832274675,0.9932354092597961,0.00027209651307202876,8.015637286007404e-05
s03,68,2,0.00849453080445528,0.00025381860905326903,0.9909278750419617,0.00032371823908761144
s03,69,1,4.979467007615312e-07,0.9672191143035889,5.068698737886734e-05,0.03272973373532295
s03,70,2,0.00011131679639220238,0.24897500872612,0.7492039799690247,0.0017096801893785596
s03,71,0,0.9997155070304871,4.323930261307396e-05,0.00024047150509431958,7.592366841890907e-07
s04,0,2,0.011103535071015358,9.631170541979373e-05,0.9887930750846863,7.111186732799979e-06
s04,1,2,1.215693737321999e-05,0.002318192971870303,0.9976502060890198,1.947640885191504e-05
s04,2,3,1.60118389658237e-07,1.3466446034726687e-05,6.751471381960528e-09,0.9999864101409912
s04,3,1,0.001090568257495761,0.9977694749832153,0.0007164180860854685,0.00042350596049800515
s04,4,1,7.522451710428868e-07,0.983326256275177,0.016530940309166908,0.00014207279309630394
s04,5,3,1.9446178001203407e-08,1.2070312038758857e-07,2.3188573283761116e-10,0.9999998807907104
s04,6,3,4.29609754064586e-05,0.038423966616392136,0.0012268973514437675,0.9603061079978943
s04,7,1,0.0003218843776267022,0.1457022875547409,0.004924297798424959,0.8490515351295471
s04,8,1,4.841419922740897e-06,0.9986922144889832,0.0012771481415256858,2.5848812583717518e-05
s04,9,0,0.05426688492298126,0.0005694025894626975,0.9445593357086182,0.0006043945322744548
s04,10,0,0.03266551345586777,0.00023798758047632873,0.9670913219451904,5.119474735693075e-06
s04,11,2,0.004101575817912817,0.002111765556037426,0.9934096932411194,0.00037691034958697855
s04,12,0,0.7777028679847717,0.0018715783953666687,0.2204042375087738,2.133199268428143e-05
s04,13,0,0.9610500335693359,0.03757471963763237,0.000798594206571579,0.0005765678361058235
s04,14,0,0.974675714969635,0.00020401117217261344,0.02507130429148674,4.896370228379965e-05
s04,15,2,0.038896821439266205,0.007394156418740749,0.9536291360855103,7.988807192305103e-05
s04,16,2,0.022007523104548454,0.9161953926086426,0.06178129091858864,1.5796360457898118e-05
s04,17,3,0.000709573389030993,0.006152792368084192,0.015560606494545937,0.9775770306587219
s04,18,0,0.9038745164871216,0.00010179070523008704,0.0959080383181572,0.00011562714644242078
s04,19,0,0.8889442682266235,3.964949428336695e-05,0.1105736717581749,0.000442453077994287
s04,20,1,0.0003100736648775637,0.9992806315422058,0.0004037972539663315,5.524019343283726e-06
s04,21,0,0.9995245933532715,1.0696056051529013e-05,0.0003038388676941395,0.0001609248574823141
s04,22,2,0.0029891461599618196,0.05921482294797897,0.4740726947784424,0.4637233316898346
s04,23,0,0.4401038885116577,0.04674667865037918,0.03105524368584156,0.4820941686630249
s04,24,1,0.006554261781275272,0.9540789127349854,0.036036450415849686,0.0033304260578006506
s04,25,2,0.00011164078023284674,0.00023218017304316163,0.999656081199646,2.4743984639030714e-08
s04,26,0,0.9999433755874634,1.5790507177371182e-06,5.3856641898164526e-05,1.1051477031287504e-06
s04,27,1,0.0008434428018517792,0.8003156781196594,0.0023348245304077864,0.1965060979127884
s04,28,2,0.08489081263542175,0.016881123185157776,0.8979745507240295,0.00025353633100166917
s04,29,1,0.001553016947582364,0.9966013431549072,0.001680020708590746,0.00016560741642024368
s04,30,3,0.0039501185528934,0.049745313823223114,0.11025584489107132,0.8360487222671509
s04,31,2,0.0036822159308940172,0.0005279903416521847,0.9944410920143127,0.0013486780226230621
s04,32,1,3.815371383097954e-05,0.08885416388511658,0.9110435247421265,6.420857243938372e-05
s04,33,1,0.00022329061175696552,0.9990528225898743,0.0007107251440174878,1.3059830052952748e-05
s04,34,3,1.3727074019698193e-06,1.3326035741556552e-07,2.2049614756269875e-07,0.9999983310699463
s04,35,0,0.002523657865822315,1.927113089550403e-06,0.9974714517593384,2.893524424507632e-06
s04,36,2,0.005106710828840733,0.00703865010291338,0.9878530502319336,1.5749377553220256e-06
s04,37,1,4.625711426342605e-06,0.9994945526123047,0.000486725359223783,1.4017387911735568e-05
s04,38,2,0.02179015800356865,0.8848687410354614,0.09020454436540604,0.003136583138257265
s04,39,0,0.016677657142281532,1.7338983525405638e-05,0.9707491993904114,0.012555774301290512
s04,40,0,0.9343924522399902,7.457842002622783e-05,0.025293931365013123,0.040239088237285614
s04,41,0,0.9951512813568115,2.1950423615635373e-05,0.004478989634662867,0.0003477026766631752
s04,42,3,0.00039734001620672643,0.0006615304737351835,0.11169503629207611,0.8872460722923279
s04,43,1,2.8694619231828256e-06,0.9990875720977783,0.0007992570172064006,0.0001103319664252922
s04,44,3,0.0007857771124690771,0.5536407828330994,0.36772632598876953,0.07784707099199295
s04,45,3,1.126837556597593e-08,3.50390996572969e-06,2.6883259351961897e-07,0.9999963045120239
s04,46,1,0.0012657881015911698,0.3563461899757385,0.6423527002334595,3.532189657562412e-05
s04,47,3,0.005045953672379255,0.007758482825011015,0.9866170883178711,0.0005784425302408636
s04,48,3,0.001553594833239913,3.402872380320332e-06,0.2010873258113861,0.7973556518554688
s04,49,0,0.24826765060424805,0.00013055320596322417,0.751600444316864,1.3410267456492875e-06
s04,50,3,0.010372011922299862,0.017238439992070198,2.3158141630119644e-05,0.9723663926124573
s04,51,0,0.9258344173431396,3.3928114135051146e-05,0.07405876368284225,7.291628571692854e-05
s04,52,1,0.0314442478120327,0.01511263009160757,0.9534376859664917,5.400803729571635e-06
s04,53,2,0.07490237057209015,0.09524966031312943,0.8265102505683899,0.0033377474173903465
s04,54,3,0.0023921586107462645,0.12700016796588898,0.7400540113449097,0.1305536925792694
s04,55,3,0.12329856306314468,0.409572571516037,0.001374404993839562,0.46575453877449036
s04,56,0,0.9998212456703186,1.5832287090233876e-06,1.0701869541662745e-06,0.00017612322699278593
s04,57,0,0.9766130447387695,0.002834613434970379,0.007237126585096121,0.013315284624695778
s04,58,1,0.0008928936440497637,0.7215209603309631,0.2768262028694153,0.0007600365206599236
s04,59,1,2.9324930437724106e-05,0.005547662731260061,0.9944121241569519,1.0995780030498281e-05
s04,60,2,0.7821387052536011,0.00042896976810880005,0.02818290889263153,0.1892494559288025
s04,61,2,8.662770596856717e-06,0.9954851865768433,4.596824965119595e-06,0.004501567222177982
s04,62,3,9.89141972240759e-06,6.796849629608914e-05,6.441680307034403e-05,0.9998577833175659
s04,63,1,8.42573990667006e-06,0.9998132586479187,0.00010512482549529523,7.320393342524767e-05
s04,64,0,0.9343998432159424,0.024153316393494606,0.025799524039030075,0.01564740762114525
s04,65,1,1.4140413441054989e-05,0.9994124174118042,0.0005721108755096793,1.2863791880590725e-06
s04,66,2,0.01933830976486206,0.8080542087554932,0.17221306264400482,0.00039449092582799494
s04,67,2,0.0028464084025472403,1.1404296856198926e-05,0.9965735673904419,0.0005686181248165667
s04,68,2,0.4229489266872406,0.40270328521728516,0.17433641850948334,1.135805268859258e-05
s04,69,3,0.0038947025313973427,3.6464410868575214e-07,0.06927955895662308,0.9268254041671753
s04,70,2,0.0033957897685468197,0.031126094982028008,0.965477466583252,5.430908913695021e-07
s04,71,3,0.05029027536511421,3.5209526686230674e-05,0.002851631958037615,0.9468228220939636
s05,0,0,0.9723632335662842,0.0011237880680710077,0.026008354499936104,0.0005046187434345484
s05,1,2,0.0002945994201581925,0.02867530658841133,0.3312799036502838,0.6397501826286316
s05,2,1,0.001356417778879404,0.20676462352275848,0.7902629375457764,0.0016159943770617247
s05,3,1,0.0003339738759677857,0.9993374943733215,0.00030844053253531456,2.0066159777343273e-05
s05,4,3,0.7057332992553711,0.031077127903699875,0.022431012243032455,0.24075855314731598
s05,5,1,3.6073648516321555e-05,0.9987820982933044,7.674595181583754e-09,0.0011818307684734464
s05,6,0,0.999477207660675,2.0641469745896757e-05,0.0003820853016804904,0.00012012314982712269
s05,7,2,0.000252038094913587,0.00022883924248162657,0.9995179176330566,1.2360029586488963e-06
s05,8,3,4.960716614732519e-05,0.0007884998340159655,0.0012647787807509303,0.9978971481323242
s05,9,3,0.9703730344772339,0.0004220592381898314,0.004134668968617916,0.025070298463106155
s05,10,3,0.6057283282279968,0.006364718079566956,0.0372781939804554,0.3506288230419159
s05,11,2,0.0002161506563425064,0.0011316565796732903,0.849055826663971,0.14959634840488434
s05,12,3,0.0034612405579537153,0.016062337905168533,2.0619314454961568e-05,0.980455756187439
s05,13,0,0.999974250793457,2.58188197221898e-06,2.1753501641796902e-05,1.466932985749736e-06
s05,14,2,0.04759635403752327,2.7224583391216584e-05,0.952376127243042,2.5998150476880255e-07
s05,15,0,0.9505774974822998,0.009905645623803139,0.037344541400671005,0.0021723280660808086
s05,16,3,1.7766656128515024e-06,0.8779714703559875,0.00013075648166704923,0.12189609557390213
s05,17,2,7.913536137493793e-06,2.8241227482794784e-05,0.9999485015869141,1.534889634058345e-05
s05,18,0,0.9999955892562866,8.416822794288237e-09,3.4832073652069084e-06,9.584980489307782e-07
s05,19,1,1.5368592585218721e-06,0.7897446155548096,0.00013158511137589812,0.2101222425699234
s05,20,2,0.6263132691383362,0.04955467954277992,0.3222794830799103,0.0018525889609009027
s05,21,3,0.01645311713218689,0.04053663834929466,0.005965334828943014,0.9370449185371399
s05,22,1,0.5834189653396606,0.3942583501338959,0.0002788011624943465,0.022043831646442413
s05,23,0,0.9721881151199341,0.013229262083768845,0.0044393097050487995,0.010143313556909561
s05,24,1,0.0002489913022145629,0.9991298317909241,0.00021180925250519067,0.0004094158357474953
s05,25,0,0.9959059953689575,0.0005433392361737788,0.00026436097687110305,0.003286242252215743
s05,26,0,0.006235235836356878,0.023618564009666443,0.6303866505622864,0.33975958824157715
s05,27,1,0.008226041682064533,0.9911212921142578,3.990043478552252e-05,0.0006127600208856165
s05,28,2,0.5345766544342041,0.0014307661913335323,0.4585842490196228,0.005408340133726597
s05,29,0,0.9363534450531006,0.003371225669980049,0.05389441177248955,0.006380855571478605
s05,30,3,0.003920004703104496,0.023855069652199745,2.5371983269906195e-07,0.9722246527671814
s05,31,0,0.32832881808280945,0.005476790945976973,0.6661590933799744,3.530528920236975e-05
s05,32,2,0.1799650341272354,0.014193128794431686,0.002129289088770747,0.8037126064300537
s05,33,0,0.9999935626983643,1.8810763435794797e-07,4.5715449914496276e-07,5.739300831919536e-06
s05,34,1,8.462677942588925e-05,0.917471706867218,0.08086974173784256,0.0015739365480840206
s05,35,1,0.0007913979352451861,0.9761907458305359,9.532730473438278e-06,0.023008283227682114
s05,36,3,0.01489263866096735,0.024580514058470726,0.018044909462332726,0.9424819946289062
s05,37,2,0.9798968434333801,7.409145473502576e-05,0.020022716373205185,6.275104624364758e-06
s05,38,1,6.305066335698939e-07,0.9998853206634521,8.100341801764444e-06,0.00010594726336421445
s05,39,2,0.0031824789475649595,0.031762201339006424,0.9641320109367371,0.0009232251904904842
s05,40,2,0.0018285618862137198,0.7278367877006531,0.2539501488208771,0.016384512186050415
s05,41,0,0.998795747756958,4.51064006483648e-05,0.0009764363639988005,0.00018266386177856475
s05,42,1,1.3015451258979738e-06,0.9993065595626831,1.0795854166190111e-07,0.0006920511950738728
s05,43,3,0.013825597241520882,0.0018955343402922153,0.0002412455069134012,0.9840376377105713
s05,44,0,0.9644303917884827,3.7788261124660494e-06,0.0011802954832091928,0.03438549488782883
s05,45,0,0.981726348400116,0.0014180782018229365,0.016854451969265938,1.1048238093280816e-06
s05,46,2,0.924660325050354,0.07432756572961807,0.0003168831462971866,0.0006951930117793381
s05,47,0,0.995137631893158,2.1599601041089045e-06,4.8686069931136444e-05,0.004811643622815609
s05,48,1,0.00011567171168280765,0.8939543962478638,1.9447229249180964e-07,0.10592973232269287
s05,49,0,0.9999951124191284,4.761488696658489e-07,1.8159328192268731e-06,2.6598054319038056e-06
s05,50,1,0.0009123293566517532,0.9984042048454285,0.0006215134635567665,6.20064529357478e-05
s05,51,0,0.9967371821403503,4.460907439352013e-05,0.0032068337313830853,1.131745011662133e-05
s05,52,2,0.22682930529117584,0.052644915878772736,0.7174773216247559,0.003048450918868184
s05,53,1,5.542906222899546e-08,0.998889148235321,3.3649466786300763e-05,0.0010771660599857569
s05,54,3,0.026505276560783386,0.0015138719463720918,0.8957154154777527,0.07626541703939438
s05,55,0,0.9474679231643677,0.005161920562386513,0.045967139303684235,0.00140299741178751
s05,56,2,0.0026228229980915785,0.03210959956049919,0.9063724875450134,0.05889501795172691
s05,57,3,0.007656625472009182,6.700979429297149e-05,2.4016784664127044e-05,0.9922522902488708
s05,58,1,0.038761865347623825,0.525310754776001,0.05559403821825981,0.3803333640098572
s05,59,1,0.0008934592478908598,0.9972198009490967,1.076065018423833e-05,0.001876038615591824
s05,60,3,0.06413132697343826,0.0819227322936058,0.00018679618369787931,0.8537590503692627
s05,61,1,0.000241249508690089,0.9997565150260925,6.011563300489797e-07,1.6502526705153286e-06
s05,62,2,0.004820208065211773,4.95744416184607e-07,0.995179295539856,1.112728909014038e-09
s05,63,0,0.9804775714874268,3.9639355236431584e-05,0.019480230286717415,2.5747458494151942e-06
s05,64,2,0.8377230167388916,9.754580241860822e-05,2.368657987972256e-06,0.16217701137065887
s05,65,3,2.487213123458787e-06,0.006811004132032394,1.3004830634599784e-06,0.9931852221488953
s05,66,2,0.005606598220765591,0.002715763170272112,0.9888004064559937,0.002877197228372097
s05,67,3,2.2337771952152252e-06,0.000557920488063246,4.306866321712732e-05,0.999396800994873
s05,68,3,0.0001323091855738312,0.0008050011820159853,0.00020328164100646973,0.9988594055175781
s05,69,1,0.0005181129090487957,0.9650134444236755,0.0024079158902168274,0.03206057846546173
s05,70,2,8.615331353212241e-06,0.25117576122283936,0.7487098574638367,0.0001057871850207448
s05,71,3,0.0014406866393983364,0.0003109364479314536,7.293232556548901e-06,0.9982410669326782
s06,0,1,0.17564406991004944,0.8214682340621948,0.002707368927076459,0.0001802934129955247
s06,1,2,0.5965766310691833,0.013183810748159885,0.317082941532135,0.07315658032894135
s06,2,2,0.1376906931400299,0.0020213657990098,0.8254572749137878,0.03483062610030174
s06,3,0,0.815434992313385,0.16958016157150269,0.014827411621809006,0.00015743286348879337
s06,4,0,0.4196016490459442,0.5738715529441833,0.006279311142861843,0.00024743747781030834
s06,5,1,0.009568477049469948,0.9902141690254211,0.00019164867990184575,2.5733072106959298e-05
s06,6,0,0.9996017813682556,0.00020003617100883275,0.0001942288945429027,3.966053100157296e-06
s06,7,3,0.1084575429558754,0.002202952280640602,0.08975037932395935,0.7995890378952026
s06,8,1,0.00019804529438260943,0.9997958540916443,8.080077122940565e-07,5.354264430934563e-06
s06,9,3,2.6328965759603307e-05,4.5828971906303195e-07,0.0018407761817798018,0.9981324076652527
s06,10,0,0.5082661509513855,0.4909026026725769,0.0008265286451205611,4.683342467615148e-06
s06,11,3,0.07030343264341354,0.0008956185774877667,0.1650075763463974,0.7637933492660522
s06,12,1,0.7749804258346558,0.224429652094841,0.0004692543298006058,0.00012073908874299377
s06,13,1,0.0014482010155916214,0.9979621171951294,0.0005855740746483207,4.2026304072351195e-06
s06,14,2,0.47379881143569946,1.952183447428979e-05,0.00035727114300243556,0.5258244872093201
s06,15,3,0.02031821943819523,0.0019067933317273855,0.9489505290985107,0.02882435917854309
s06,16,0,0.9705044031143188,0.029472455382347107,1.5307648936868645e-05,7.89385103416862e-06
s06,17,1,0.00027777731884270906,0.9994055032730103,1.1593492672545835e-06,0.0003156232414767146
s06,18,3,0.00034322382998652756,3.178966423433849e-08,1.781828723323997e-05,0.9996389150619507
s06,19,2,0.016139797866344452,0.0002732289140112698,0.981465220451355,0.0021217456087470055
s06,20,1,0.00035941635724157095,0.9996387958526611,1.3980577477923362e-06,3.218091251255828e-07
s06,21,2,0.00010717752593336627,1.2159794096078258e-05,0.9865656495094299,0.013314985670149326
s06,22,2,0.00019461533520370722,2.6800074920174666e-05,0.9937666654586792,0.006011883728206158
s06,23,1,0.4168716073036194,0.5829049348831177,5.744049121858552e-05,0.00016600696835666895
s06,24,2,0.10701600462198257,0.03345813602209091,8.79251747392118e-05,0.859437882900238
s06,25,1,0.041316449642181396,0.9582951068878174,0.0003408293123356998,4.768970757140778e-05
s06,26,0,0.9987484216690063,0.0007165416027419269,8.506098674843088e-05,0.00045004775165580213
s06,27,1,0.00023725334904156625,0.999743640422821,1.7952435882762074e-05,1.2505065569712315e-06
s06,28,2,0.0068323565647006035,0.00016219598182942718,0.14702172577381134,0.8459838032722473
s06,29,1,0.06963889300823212,0.928562343120575,0.0017595498356968164,3.91304274671711e-05
s06,30,0,0.3421032726764679,0.29953938722610474,0.00014182129234541208,0.3582155406475067
s06,31,3,2.857953631973942e-06,2.359161589993164e-05,6.865570867375936e-06,0.9999666213989258
s06,32,0,0.9991901516914368,0.00033462466672062874,0.00042429848690517247,5.096670793136582e-05
s06,33,0,0.9805870056152344,0.013868621550500393,0.005521525163203478,2.284746187797282e-05
s06,34,0,0.7962552309036255,0.08457829803228378,0.11916392296552658,2.517344228181173e-06
s06,35,0,0.9805975556373596,0.018463345244526863,0.0009174909791909158,2.1585492504527792e-05
s06,36,2,5.373675230657682e-05,1.0197355777563644e-06,0.7727518081665039,0.22719347476959229
s06,37,0,0.972077488899231,0.023284517228603363,0.00044334883568808436,0.004194667562842369
s06,38,3,0.009432756341993809,0.0001714686513878405,0.00040935626020655036,0.9899863600730896
s06,39,2,0.2283228486776352,1.3228601346781943e-05,0.00013135391054674983,0.7715325355529785
s06,40,3,0.0016641091788187623,0.0005914806970395148,0.48710012435913086,0.510644257068634
s06,41,0,0.32652080059051514,0.6726449131965637,0.0003880502481479198,0.00044620627886615694
s06,42,2,0.8779489994049072,0.00042493114597164094,0.12106412649154663,0.0005619307048618793
s06,43,3,3.679352448671125e-05,9.111352738955247e-08,2.07231096283067e-06,0.9999610185623169
s06,44,3,7.113221300869554e-08,1.489592477144086e-10,4.177115897618933e-06,0.9999957084655762
s06,45,3,0.9307924509048462,0.005608374252915382,0.0193132683634758,0.044285811483860016
s06,46,3,0.035250671207904816,0.0007358415168710053,4.578743391903117e-05,0.9639676809310913
s06,47,1,0.1708063930273056,0.8283008933067322,0.0008140255813486874,7.869810360716656e-05
s06,48,2,0.038765061646699905,0.00018305180128663778,0.1564701944589615,0.8045815825462341
s06,49,0,0.949264645576477,0.050329361110925674,0.0004025183152407408,3.4582731132104527e-06
s06,50,1,0.0008115590317174792,0.9990180730819702,0.00016617788060102612,4.109573637833819e-06
s06,51,3,0.000247697695158422,0.008138865232467651,0.03876963257789612,0.9528437852859497
s06,52,2,0.6917653679847717,0.09461095929145813,0.2024957686662674,0.01112793292850256
s06,53,1,0.3206610083580017,0.6773598194122314,0.0019318084232509136,4.741576049127616e-05
s06,54,2,0.0032099192030727863,4.8488112952327356e-05,0.0011446388671174645,0.9955969452857971
s06,55,0,0.990812361240387,0.00897006131708622,0.00021092442329972982,6.624463367188582e-06
s06,56,2,0.06207065284252167,0.22802789509296417,0.7097175717353821,0.0001838863390730694
s06,57,0,0.9847531914710999,0.013266474939882755,0.001979134976863861,1.2682968417720986e-06
s06,58,0,0.9997554421424866,0.00024205907538998872,2.257900405311375e-06,2.894798853958491e-07
s06,59,2,0.0015548842493444681,0.0004776951973326504,0.0012482210295274854,0.9967191815376282
s06,60,0,0.960351288318634,0.03906295448541641,0.0005803508101962507,5.4459451348520815e-06
s06,61,3,0.0001840157638071105,1.3855877334378874e-08,0.0019741219002753496,0.9978418350219727
s06,62,0,0.5434387922286987,0.4022499620914459,0.049128208309412,0.0051829880103468895
s06,63,3,0.7505403161048889,0.000315944169415161,0.07270955294370651,0.17643418908119202
s06,64,3,0.002309361007064581,0.00027389617753215134,0.9920837879180908,0.005332916509360075
s06,65,0,0.946731686592102,0.010808179154992104,0.04245852306485176,1.5544419511570595e-06
s06,66,1,0.10216425359249115,0.8972780108451843,0.0005576189141720533,7.385358458122937e-08
s06,67,2,0.08794752508401871,0.1622350662946701,0.11194329708814621,0.637874186038971
s06,68,2,0.10029834508895874,0.8544723391532898,0.030557697638869286,0.014671592973172665
s06,69,2,0.0065565211698412895,0.991413950920105,0.0015357771189883351,0.0004937270423397422
s06,70,3,0.8426811099052429,6.327310870801739e-07,0.003104141913354397,0.15421409904956818
s06,71,2,0.9525062441825867,0.00025286831078119576,0.04538673907518387,0.0018541670870035887
s07,0,0,0.8785093426704407,0.0005275417352095246,0.12070149928331375,0.00026166255702264607
s07,1,0,0.7362409830093384,0.14247485995292664,8.801503281574696e-05,0.12119616568088531
s07,2,0,0.4788191616535187,0.019863372668623924,0.003929519094526768,0.49738794565200806
s07,3,2,0.9770573377609253,0.0005623321048915386,0.022148309275507927,0.0002320631465408951
s07,4,0,0.9940310120582581,0.0005837042117491364,0.0016369289951398969,0.003748286748304963
s07,5,3,0.021592698991298676,0.8409352898597717,0.0042138611897826195,0.1332581788301468
s07,6,2,0.007090865634381771,0.0085880933329463,0.9840914607048035,0.0002295713493367657
s07,7,3,0.004632346332073212,0.013066072016954422,0.00033333382452838123,0.9819682240486145
s07,8,0,0.6847105026245117,0.2064363956451416,0.09436343610286713,0.01448965072631836
s07,9,0,0.9996738433837891,8.081414307525847e-06,5.166808114154264e-05,0.00026639970019459724
s07,10,1,3.259543518652208e-05,0.9811480641365051,0.018404224887490273,0.00041509943548589945
s07,11,0,0.927244246006012,0.00025689322501420975,0.03752976283431053,0.03496912494301796
s07,12,3,0.0002071420894935727,0.8610906004905701,0.011145227588713169,0.12755697965621948
s07,13,2,0.02262333780527115,0.005500424653291702,0.9704731702804565,0.0014031563187018037
s07,14,0,0.9141862988471985,0.014649610035121441,0.07062754034996033,0.0005365220713429153
s07,15,3,0.0017532791243866086,0.12850993871688843,0.0005095715168863535,0.8692271709442139
s07,16,2,0.6185324788093567,0.26729509234428406,0.0018675141036510468,0.11230490356683731
s07,17,3,1.1042155165341683e-05,0.05869142338633537,0.00031404485343955457,0.9409834742546082
s07,18,0,0.9896638989448547,1.733314093144145e-05,0.008203689940273762,0.002115104580298066
s07,19,3,5.135903847985901e-05,0.7903029918670654,0.00023985211737453938,0.2094058096408844
s07,20,1,0.0014519913820549846,0.00020717043662443757,1.0995308002748061e-05,0.9983298182487488
s07,21,1,0.8661739230155945,0.08331507444381714,0.009784485213458538,0.04072647541761398
s07,22,3,0.60663241147995,0.12771514058113098,0.007066322956234217,0.2585861086845398
s07,23,1,0.0010881046764552593,0.8484280109405518,0.010772287845611572,0.13971154391765594
s07,24,3,4.1231276554754004e-05,0.0005416336935013533,7.202307187981205e-06,0.9994099140167236
s07,25,3,8.538676775060594e-05,0.09140657633543015,0.9082997441291809,0.00020819321798626333
s07,26,3,0.34851497411727905,0.5084059834480286,0.017576618120074272,0.12550243735313416
s07,27,0,0.9279733300209045,1.5975152564351447e-05,0.00829984713345766,0.06371088325977325
s07,28,2,0.42811721563339233,0.018707118928432465,0.09333901107311249,0.4598366618156433
s07,29,0,0.010903329588472843,0.003567633917555213,0.0007746378541924059,0.9847543239593506
s07,30,1,0.804693877696991,0.052151571959257126,0.021694330498576164,0.12146013975143433
s07,31,3,0.02632666379213333,0.00030156434513628483,0.0005064202705398202,0.9728654026985168
s07,32,3,0.056135062128305435,0.21423369646072388,0.07278326153755188,0.6568480134010315
s07,33,1,1.8334896594751626e-05,0.8635362386703491,0.000572836899664253,0.13587258756160736
s07,34,1,0.005580624099820852,0.9871222376823425,0.007267924956977367,2.9154407457099296e-05
s07,35,3,0.27068158984184265,0.02851603925228119,0.0344659723341465,0.6663363575935364
s07,36,1,0.049516744911670685,0.3407706916332245,0.0009274717886000872,0.608785092830658
s07,37,3,0.00023764491197653115,0.006727271247655153,0.001725827227346599,0.9913092851638794
s07,38,1,1.3779395885649137e-05,0.9199385643005371,0.005112519487738609,0.07493512332439423
s07,39,3,0.0008114756783470511,0.28502774238586426,0.4149419665336609,0.2992188632488251
s07,40,0,0.627140462398529,0.00021789947641082108,0.008344772271811962,0.36429691314697266
s07,41,1,0.22756795585155487,0.7089863419532776,0.0019713626243174076,0.061474356800317764
s07,42,0,0.9594922065734863,0.00011170253128511831,0.025196664035320282,0.015199520625174046
s07,43,2,0.0004013537254650146,0.1106138527393341,0.10674112290143967,0.7822437286376953
s07,44,2,0.6454632878303528,0.0262319166213274,0.07823434472084045,0.2500704228878021
s07,45,0,0.9984374642372131,0.00028749415650963783,0.001066533150151372,0.0002084855077555403
s07,46,1,3.1659635624237126e-06,0.9977266192436218,2.2649892343906686e-06,0.0022679592948406935
s07,47,2,3.1260319701686967e-06,0.0013466128148138523,0.9986456036567688,4.671546776080504e-06
s07,48,1,0.03773774951696396,0.3591355085372925,0.6019655466079712,0.0011611457448452711
s07,49,0,0.9985558390617371,1.6195302805499523e-06,0.001442178268916905,3.764915561532689e-07
s07,50,2,0.008806496858596802,0.018587058410048485,0.9708390831947327,0.0017673912225291133
s07,51,1,0.000394506350858137,0.9946860074996948,0.0022873040288686752,0.002632159972563386
s07,52,2,0.000386793544748798,0.006610287819057703,0.9925811290740967,0.0004217350797262043
s07,53,2,0.010461159981787205,0.02472689002752304,0.9643166661262512,0.0004952808958478272
s07,54,1,3.35174408974126e-05,0.9823218584060669,0.016549447551369667,0.0010952265001833439
s07,55,2,4.683014140027808e-06,0.003981621004641056,7.226092566270381e-05,0.9959414601325989
s07,56,2,0.09424649924039841,0.038686562329530716,0.01663842238485813,0.850428581237793
s07,57,2,0.7323884963989258,0.24150770902633667,0.023436574265360832,0.0026672035455703735
s07,58,1,0.0001319810253335163,0.7880752682685852,0.2084740549325943,0.0033187561202794313
s07,59,0,0.9186046719551086,0.03201577067375183,0.027521895244717598,0.021857652813196182
s07,60,1,0.000280016683973372,0.02618682198226452,0.07094482332468033,0.9025883078575134
s07,61,0,0.9917476177215576,0.0003866607730742544,0.007398259360343218,0.00046735210344195366
s07,62,3,2.4472063159919344e-05,0.26609867811203003,0.0002247025113319978,0.7336521744728088
s07,63,1,0.00014407120761461556,0.45312830805778503,0.0001587489532539621,0.5465688705444336
s07,64,1,2.3595086531713605e-05,0.9668341875076294,9.047495950653683e-06,0.03313325718045235
s07,65,2,0.003704149043187499,0.0003484366461634636,0.9237127900123596,0.07223458588123322
s07,66,2,0.008487271144986153,0.5115985870361328,0.4532245993614197,0.026689566671848297
s07,67,2,0.010309327393770218,0.0001648754405323416,0.9885393977165222,0.00098636734765023
s07,68,0,0.9985721111297607,7.221049600047991e-05,0.00131432362832129,4.135834751650691e-05
s07,69,0,0.9422932267189026,0.002755415625870228,0.049613479524850845,0.00533787626773119
s07,70,2,9.411385690327734e-05,0.9059858322143555,0.09372559189796448,0.0001943973620655015
s07,71,3,0.006334084086120129,0.002171161351725459,0.003790514310821891,0.9877041578292847
s08,0,0,0.1340939700603485,0.03797507658600807,0.7991719841957092,0.02875899337232113
s08,1,1,0.6484047174453735,0.28452974557876587,0.007750884164124727,0.0593145489692688
s08,2,3,0.6781035661697388,0.15527652204036713,0.10404486954212189,0.06257500499486923
s08,3,0,0.9989073276519775,0.0001988535514101386,0.0008912027697078884,2.588229108368978e-06
s08,4,1,0.013910369016230106,0.26001808047294617,0.0047120037488639355,0.7213596105575562
s08,5,3,0.0003257622884120792,0.9856895208358765,0.007927525788545609,0.006057160906493664
s08,6,0,0.12003804743289948,0.8493061661720276,0.005579151678830385,0.02507658489048481
s08,7,2,0.0008758519543334842,4.974410330760293e-05,0.9975237250328064,0.0015506823547184467
s08,8,1,0.6246399283409119,0.010597233660519123,0.32582563161849976,0.0389372780919075
s08,9,2,0.026072250679135323,0.010468550026416779,0.9630662202835083,0.00039307240513153374
s08,10,3,0.0006876947009004653,0.5850681066513062,0.00881039910018444,0.40543386340141296
s08,11,3,0.7238253355026245,0.005325931124389172,0.0389067716896534,0.23194193840026855
s08,12,2,0.6371994018554688,0.029571784660220146,0.017467522993683815,0.3157612085342407
s08,13,3,0.44645532965660095,0.3930526077747345,0.152729332447052,0.007762759458273649
s08,14,0,0.7992035746574402,0.1657882183790207,0.03488045185804367,0.00012772258196491748
s08,15,2,0.6126063466072083,0.2633337080478668,0.12181670218706131,0.0022432163823395967
s08,16,0,0.07698316872119904,2.6018580683739856e-05,0.06385530531406403,0.8591355681419373
s08,17,2,0.027088116854429245,0.0005087174940854311,0.9642991423606873,0.008104105480015278
s08,18,2,0.7478957772254944,0.00039842622936703265,0.24996384978294373,0.0017419479554519057
s08,19,3,0.005779779516160488,0.0018258413765579462,0.007881717756390572,0.9845126271247864
s08,20,2,0.0015150585677474737,0.03869617357850075,0.958370566368103,0.0014182185987010598
s08,21,2,0.0002959423582069576,0.022215193137526512,0.08161153644323349,0.8958774209022522
s08,22,1,0.09524404257535934,0.015148201026022434,0.009087941609323025,0.8805198669433594
s08,23,1,0.41924336552619934,0.4901569187641144,0.004125445149838924,0.08647432923316956
s08,24,2,1.204926093123504e-06,5.1527978939702734e-05,0.9999436140060425,3.717653953572153e-06
s08,25,2,0.009823359549045563,0.0318581759929657,0.9579709768295288,0.00034739059628918767
s08,26,3,0.0007463991641998291,0.004186936188489199,0.07078604400157928,0.92428058385849
s08,27,2,0.0056257243268191814,0.0167845506221056,0.9775307774543762,5.88950133533217e-05
s08,28,3,0.02370966412127018,0.004811463411897421,0.005704495124518871,0.9657743573188782
s08,29,3,0.10375293344259262,0.14701098203659058,0.17125637829303741,0.5779797434806824
s08,30,1,0.6901167631149292,0.13654470443725586,0.04794469475746155,0.12539388239383698
s08,31,0,0.13169653713703156,0.09883531183004379,0.7638176679611206,0.005650421138852835
s08,32,1,0.7805681824684143,0.027252521365880966,0.1217217668890953,0.07045748829841614
s08,33,2,0.2961045801639557,0.6853509545326233,0.01841215044260025,0.00013228360330685973
s08,34,0,0.985122561454773,0.013619618490338326,0.0004274653329048306,0.0008303664508275688
s08,35,0,0.992742657661438,0.005460831802338362,0.0017226290656253695,7.393071427941322e-05
s08,36,0,0.9815094470977783,0.003216247772797942,0.009517833590507507,0.0057564363814890385
s08,37,1,0.01202106848359108,0.585045337677002,0.0007214585784822702,0.40221214294433594
s08,38,3,0.0003516707511153072,0.678200364112854,0.297483891248703,0.023964108899235725
s08,39,2,1.1546492714842316e-05,0.01315587293356657,0.9855658411979675,0.0012667684350162745
s08,40,3,0.0004451324639376253,0.010660829953849316,0.5353564620018005,0.45353758335113525
s08,41,3,0.0008053398341871798,0.00033876512316055596,0.0010276022367179394,0.9978283047676086
s08,42,1,0.042818307876586914,0.4852724075317383,0.44385188817977905,0.0280574019998312
s08,43,2,0.008883383125066757,0.08317126333713531,0.9079116582870483,3.359942638780922e-05
s08,44,1,0.001629785168915987,0.9860135912895203,0.005682704504579306,0.006673973053693771
s08,45,0,0.9372453093528748,0.0025021550245583057,0.0013666554586961865,0.058885909616947174
s08,46,0,0.8910565972328186,0.006435101851820946,0.039906095713377,0.0626022219657898
s08,47,0,0.7143930792808533,0.03609512746334076,0.22277534008026123,0.026736430823802948
s08,48,1,0.5980565547943115,0.01758095994591713,0.25040972232818604,0.13395275175571442
s08,49,3,0.9506692886352539,0.04879780113697052,0.00043212875607423484,0.00010078983177663758
s08,50,0,0.29843100905418396,0.6989656090736389,0.0004601774853654206,0.002143178367987275
s08,51,2,0.35051482915878296,0.15290281176567078,0.17434708774089813,0.3222352862358093
s08,52,1,0.0613633431494236,0.7616055607795715,0.17683561146259308,0.0001954686304088682
s08,53,3,0.030357180163264275,0.0012249569408595562,0.057793229818344116,0.9106246829032898
s08,54,0,0.04669841378927231,0.9450704455375671,9.753453923622146e-05,0.008133581839501858
s08,55,2,0.06555120646953583,0.08052706718444824,0.6273803114891052,0.22654147446155548
s08,56,3,0.00012305898417253047,0.0010751975933089852,7.759056757095095e-07,0.9988009929656982
s08,57,0,0.9791015386581421,0.018912047147750854,0.0007651755004189909,0.0012212366564199328
s08,58,3,0.011229213327169418,0.009796824306249619,0.9067385196685791,0.07223542779684067
s08,59,1,0.9758052229881287,0.00837703701108694,0.011580140329897404,0.00423754658550024
s08,60,3,0.005915666464716196,0.832892894744873,0.014239783398807049,0.14695166051387787
s08,61,2,0.022804854437708855,0.000996992806904018,0.975623369216919,0.0005747299292124808
s08,62,0,0.9844110012054443,0.0035401873756200075,0.012037238106131554,1.1556733625184279e-05
s08,63,1,0.060915205627679825,0.9031819105148315,0.0018512894166633487,0.034051645547151566
s08,64,1,0.5362147092819214,0.3446230888366699,0.007885122671723366,0.11127709597349167
s08,65,1,0.3863459825515747,0.572753369808197,0.03325023502111435,0.007650404237210751
s08,66,1,0.11567456275224686,0.08126162737607956,0.7478777766227722,0.05518602952361107
s08,67,2,0.01429663971066475,0.5540971159934998,0.4214022755622864,0.010203943587839603
s08,68,1,0.8126160502433777,0.18321028351783752,0.002827731892466545,0.001345831318758428
s08,69,0,0.9849476218223572,0.015022632665932178,6.31204602541402e-06,2.3323847926803865e-05
s08,70,1,0.8033095598220825,0.06859174370765686,0.12039704620838165,0.007701731286942959
s08,71,1,0.07929815351963043,0.8509012460708618,0.018634701147675514,0.05116593465209007
s09,0,1,0.001960380934178829,0.9880167245864868,0.009969407692551613,5.349392449716106e-05
s09,1,3,2.97074517763285e-11,0.012270121835172176,2.0100629626540467e-05,0.9877097606658936
s09,2,3,0.0024908569175750017,1.0896513231273275e-05,9.825384040595964e-06,0.9974883794784546
s09,3,1,2.2588471892959205e-06,0.9999867677688599,1.0443428436701652e-05,4.701799696249509e-07
s09,4,2,6.888403731863946e-05,0.556713342666626,0.44154953956604004,0.0016681962879374623
s09,5,0,0.031222829595208168,0.6832550168037415,0.2849997282028198,0.0005223902408033609
s09,6,0,0.018548885360360146,0.07648689299821854,0.00010247647878713906,0.9048618078231812
s09,7,0,0.9996243715286255,0.0003174497978761792,5.420886736828834e-05,3.963322342315223e-06
s09,8,1,2.612628975384723e-07,0.9997187256813049,2.207441684731748e-05,0.0002589911746326834
s09,9,2,0.0003297426155768335,0.0012216614559292793,0.9984471201896667,1.58194870891748e-06
s09,10,2,0.017673136666417122,2.358219171583187e-05,0.9668495655059814,0.015453740023076534
s09,11,0,0.994113028049469,3.3411772619729163e-06,1.946636530192336e-06,0.005881768185645342
s09,12,3,4.978282959200442e-07,1.0079648227190319e-09,4.1747853174456395e-08,0.9999994039535522
s09,13,2,1.973377834474377e-07,0.0004691946960519999,0.9981352090835571,0.001395316212438047
s09,14,3,8.422058454016224e-05,3.317107029943145e-06,0.006035905331373215,0.9938765168190002
s09,15,1,4.30369982495904e-05,0.9536309242248535,0.04628635197877884,3.9721111534163356e-05
s09,16,0,0.9999164342880249,1.1709831824191497e-06,3.8320715248119086e-05,4.4108510337537155e-05
s09,17,0,0.9537937045097351,0.02609984204173088,0.018275264650583267,0.0018312190659344196
s09,18,0,0.0060234349220991135,0.9935996532440186,0.0003316695219837129,4.52627609774936e-05
s09,19,3,3.996949999418575e-06,0.002356430282816291,0.0004734150134027004,0.9971662163734436
s09,20,0,0.667301595211029,0.14906321465969086,0.04498477652668953,0.13865037262439728
s09,21,3,9.555433280183934e-06,4.501284820435103e-07,0.00013155605120118707,0.9998583793640137
s09,22,1,1.5266625268850476e-05,0.9998106360435486,2.1007190298405476e-05,0.00015312856703530997
s09,23,2,5.5080388250416945e-08,6.0946226767555345e-06,0.9999939203262329,2.268502186097976e-08
s09,24,3,0.002949917921796441,1.5917173641355475e-06,0.9960029721260071,0.001045559998601675
s09,25,2,3.452652053148597e-10,0.0074141742661595345,0.9183139801025391,0.07427184283733368
s09,26,3,0.0003168833500239998,1.8873208773584338e-07,0.0007891127024777234,0.9988937973976135
s09,27,0,0.7242434620857239,0.1780499517917633,0.0955900177359581,0.00211655767634511
s09,28,2,5.847308329975931e-06,0.017131876200437546,0.9782296419143677,0.0046326769515872
s09,29,1,9.320994286099449e-05,0.9993305206298828,3.92222000300535e-06,0.0005723698413930833
s09,30,3,1.1089761073890259e-06,0.39856192469596863,0.24768978357315063,0.3537472188472748
s09,31,2,1.0169978992280448e-07,7.713064405834302e-06,0.006155379116535187,0.9938368201255798
s09,32,0,0.9999898672103882,9.7169697710342e-07,9.183579095406458e-06,8.18484302556044e-09
s09,33,3,0.0008327231626026332,0.0005589366774074733,0.022294513881206512,0.9763138890266418
s09,34,2,0.059524379670619965,0.20928935706615448,0.2525780498981476,0.4786081910133362
s09,35,3,0.00010046694660559297,5.527163466467755e-06,0.9994937181472778,0.00040032932884059846
s09,36,2,9.712630344438367e-06,0.0002732450084295124,0.9563196301460266,0.0433974526822567
s09,37,1,3.2414791348855942e-06,0.9991647005081177,0.0008270550169982016,4.98432518725167e-06
s09,38,2,0.0140148364007473,5.9697485994547606e-05,0.9859117865562439,1.3620646313938778e-05
s09,39,0,0.9546633958816528,0.0005252315895631909,0.03636055812239647,0.008450809866189957
s09,40,1,0.02353854663670063,0.00038177063106559217,0.007340583018958569,0.9687390923500061
s09,41,1,7.2638376877876e-06,0.9999449253082275,4.139317024964839e-05,6.465071692218771e-06
s09,42,0,0.8018528819084167,0.00046945386566221714,0.197517529129982,0.00016012870764825493
s09,43,0,0.9511485695838928,0.02911752462387085,0.0010918519692495465,0.01864204928278923
s09,44,3,1.2316032552917022e-05,1.1135832522768396e-07,0.0007477005128748715,0.9992399215698242
s09,45,0,0.9936601519584656,5.355546818464063e-06,3.5710098018171266e-05,0.0062988270074129105
s09,46,0,0.9900984168052673,1.9049531374548678e-06,0.00989330094307661,6.399175617843866e-06
s09,47,0,0.6267091035842896,0.37132489681243896,0.001956904074177146,9.092125765164383e-06
s09,48,1,1.3068996622678242e-06,0.9981254935264587,0.001872110879048705,1.0956273399642669e-06
s09,49,1,4.038420956931077e-05,0.9994655251502991,0.00048492001951672137,9.231654985342175e-06
s09,50,2,0.0102122463285923,0.26773715019226074,0.7209635376930237,0.0010871433187276125
s09,51,0,0.999765932559967,6.88568179612048e-05,6.624424713663757e-06,0.00015859110862948
s09,52,2,0.030372602865099907,0.9115826487541199,0.05734676867723465,0.0006979484460316598
s09,53,1,0.00016458379104733467,0.9952085614204407,0.004522617440670729,0.00010430072870803997
s09,54,3,0.0002583989407867193,0.0037920651957392693,0.00011095998343080282,0.9958386421203613
s09,55,2,0.006039332132786512,1.6983321984298527e-05,0.9918503165245056,0.00209328206256032
s09,56,3,0.0011653938563540578,0.006862055044621229,0.9490551948547363,0.04291727393865585
s09,57,1,3.295391798019409e-05,0.9529334306716919,0.027098627761006355,0.019935108721256256
s09,58,3,1.6208226952585392e-05,0.0057729980908334255,6.852372462162748e-05,0.9941422343254089
s09,59,1,1.2574695062994579e-07,0.999994158744812,1.6200411323552544e-07,5.656082521454664e-06
s09,60,1,1.1552608157217037e-05,0.9985291957855225,0.00039683099021203816,0.001062406343407929
s09,61,2,6.92373068886809e-05,0.0017538026440888643,0.997365415096283,0.0008116402314044535
s09,62,2,0.004328523296862841,0.1456906646490097,0.848689615726471,0.0012912154197692871
s09,63,2,0.0047996374778449535,1.6753237686017997e-09,0.003520853351801634,0.9916794896125793
s09,64,1,0.0006088924128562212,0.9974157810211182,0.0019740858115255833,1.21383209261694e-06
s09,65,2,0.16779513657093048,0.0016933236038312316,0.8303877115249634,0.0001237912365468219
s09,66,1,0.00013410010433290154,0.9981416463851929,0.0016581167001277208,6.61529993521981e-05
s09,67,0,0.00035251269582659006,5.5604775894835257e-08,0.6064087748527527,0.3932386636734009
s09,68,0,7.22781041986309e-05,0.9820125102996826,0.017901375889778137,1.3803294677927624e-05
s09,69,1,0.07081300765275955,0.9239733219146729,0.00516742467880249,4.6316337829921395e-05
s09,70,3,0.00136850425042212,0.004847010597586632,0.4299309551715851,0.5638535618782043
s09,71,3,0.04663954675197601,2.6424836505611893e-06,0.5305683612823486,0.42278945446014404
