trial_id,pred_success_prob
T08181,0.5
T06729,0.5
T05817,0.5
T10176,0.5
T10356,0.5
T11577,0.5
T20504,0.5
T13447,0.5
T08097,0.5
T11332,0.5
T18696,0.5
T03513,0.5
T09295,0.5
T17290,0.5
T14987,0.5
T04344,0.5
T07244,0.5
T12699,0.5
T01738,0.5
T12490,0.5
T09912,0.5
T09695,0.5
T18446,0.5
T00957,0.5
T14839,0.5
T13732,0.5
T19855,0.5
T01786,0.5
T02444,0.5
T08644,0.5
T16424,0.5
T14163,0.5
T20721,0.5
T01514,0.5
T09760,0.5
T18694,0.5
T13024,0.5
T18337,0.5
T11184,0.5
T18903,0.5
T12865,0.5
T10372,0.5
T04639,0.5
T01189,0.5
T02050,0.5
T13619,0.5
T04501,0.5
T08034,0.5
T19150,0.5
T13654,0.5
T18670,0.5
T12894,0.5
T00799,0.5
T08527,0.5
T09433,0.5
T08606,0.5
T04452,0.5
T10928,0.5
T04534,0.5
T13681,0.5
T15039,0.5
T07043,0.5
T02763,0.5
T13018,0.5
T09573,0.5
T09396,0.5
T19520,0.5
T09781,0.5
T19419,0.5
T11350,0.5
T03369,0.5
T08961,0.5
T19317,0.5
T02252,0.5
T08043,0.5
T01466,0.5
T09311,0.5
T16433,0.5
T13362,0.5
T19849,0.5
T12607,0.5
T18348,0.5
T13642,0.5
T01105,0.5
T20299,0.5
T13638,0.5
T13470,0.5
T02029,0.5
T15388,0.5
T07012,0.5
T02523,0.5
T15917,0.5
T03477,0.5
T04989,0.5
T04578,0.5
T17904,0.5
T04039,0.5
T03845,0.5
T18588,0.5
T19516,0.5
T15417,0.5
T19911,0.5
T19310,0.5
T09545,0.5
T07473,0.5
T19988,0.5
T15882,0.5
T15509,0.5
T05279,0.5
T07973,0.5
T15837,0.5
T12850,0.5
T10283,0.5
T13043,0.5
T03181,0.5
T13131,0.5
T17746,0.5
T18559,0.5
T17693,0.5
T01581,0.5
T20662,0.5
T16613,0.5
T16761,0.5
T19620,0.5
T09313,0.5
T03323,0.5
T10373,0.5
T18318,0.5
T17422,0.5
T11850,0.5
T15160,0.5
T03521,0.5
T10293,0.5
T01205,0.5
T07376,0.5
T16455,0.5
T20466,0.5
T01321,0.5
T04879,0.5
T09621,0.5
T18363,0.5
T20142,0.5
T02275,0.5
T19108,0.5
T10260,0.5
T12640,0.5
T17997,0.5
T13345,0.5
T11228,0.5
T10212,0.5
T00233,0.5
T06442,0.5
T05954,0.5
T05186,0.5
T18729,0.5
T09077,0.5
T10930,0.5
T06934,0.5
T16149,0.5
T06012,0.5
T05515,0.5
T20253,0.5
T00117,0.5
T16896,0.5
T07739,0.5
T15480,0.5
T14957,0.5
T18299,0.5
T06727,0.5
T12864,0.5
T12431,0.5
T10043,0.5
T13219,0.5
T12365,0.5
T05307,0.5
T16750,0.5
T08700,0.5
T16081,0.5
T13232,0.5
T03595,0.5
T17096,0.5
T20319,0.5
T04279,0.5
T07616,0.5
T12595,0.5
T01047,0.5
T05275,0.5
T01672,0.5
T09118,0.5
T04295,0.5
T10477,0.5
T12562,0.5
T05855,0.5
T13617,0.5
T18870,0.5
T18845,0.5
T04922,0.5
T12242,0.5
T18905,0.5
T11049,0.5
T14293,0.5
T15040,0.5
T10232,0.5
T12020,0.5
T06328,0.5
T13920,0.5
T04407,0.5
T10687,0.5
T04876,0.5
T18528,0.5
T15055,0.5
T15295,0.5
T15935,0.5
T07985,0.5
T12780,0.5
T02918,0.5
T16615,0.5
T09679,0.5
T05973,0.5
T10796,0.5
T15393,0.5
T07821,0.5
T05863,0.5
T18442,0.5
T15049,0.5
T19416,0.5
T09634,0.5
T09003,0.5
T08510,0.5
T09081,0.5
T11879,0.5
T11798,0.5
T17665,0.5
T17871,0.5
T06831,0.5
T07392,0.5
T02785,0.5
T09308,0.5
T12366,0.5
T18080,0.5
T02506,0.5
T02456,0.5
T09239,0.5
T18463,0.5
T14137,0.5
T06799,0.5
T13159,0.5
T09692,0.5
T08808,0.5
T11975,0.5
T19857,0.5
T16534,0.5
T11892,0.5
T18751,0.5
T19575,0.5
T13037,0.5
T03505,0.5
T16849,0.5
T13850,0.5
T12935,0.5
T15448,0.5
T06008,0.5
T08831,0.5
T00161,0.5
T04329,0.5
T09864,0.5
T15626,0.5
T17507,0.5
T20359,0.5
T19235,0.5
T03622,0.5
T16887,0.5
T00329,0.5
T02013,0.5
T11186,0.5
T06628,0.5
T14620,0.5
T14498,0.5
T15602,0.5
T20377,0.5
T08136,0.5
T14567,0.5
T05852,0.5
T03676,0.5
T10332,0.5
T18136,0.5
T00338,0.5
T00136,0.5
T07713,0.5
T11315,0.5
T18187,0.5
T12332,0.5
T17310,0.5
T00133,0.5
T02378,0.5
T18664,0.5
T14952,0.5
T00851,0.5
T11121,0.5
T00310,0.5
T14379,0.5
T12932,0.5
T00622,0.5
T09941,0.5
T04142,0.5
T01693,0.5
T02464,0.5
T11884,0.5
T00657,0.5
T17981,0.5
T03104,0.5
T00252,0.5
T09104,0.5
T01166,0.5
T13728,0.5
T10777,0.5
T06451,0.5
T14699,0.5
T20208,0.5
T17755,0.5
T01641,0.5
T06256,0.5
T17039,0.5
T06475,0.5
T10243,0.5
T05880,0.5
T06593,0.5
T10682,0.5
T13222,0.5
T16103,0.5
T15567,0.5
T05129,0.5
T01424,0.5
T04635,0.5
T08488,0.5
T20631,0.5
T20686,0.5
T20043,0.5
T18527,0.5
T18688,0.5
T18569,0.5
T19902,0.5
T17216,0.5
T02308,0.5
T06603,0.5
T14707,0.5
T04691,0.5
T01989,0.5
T03237,0.5
T17806,0.5
T20280,0.5
T13388,0.5
T00159,0.5
T03745,0.5
T07869,0.5
T07411,0.5
T05178,0.5
T11608,0.5
T04678,0.5
T14415,0.5
T12586,0.5
T10023,0.5
T18575,0.5
T08572,0.5
T15965,0.5
T11217,0.5
T19227,0.5
T17420,0.5
T07124,0.5
T01118,0.5
T06618,0.5
T07659,0.5
T00359,0.5
T19591,0.5
T02090,0.5
T11218,0.5
T03690,0.5
T13926,0.5
T00615,0.5
T04822,0.5
T17694,0.5
T14924,0.5
T14467,0.5
T13823,0.5
T00737,0.5
T10877,0.5
T06287,0.5
T15093,0.5
T03526,0.5
T02172,0.5
T20486,0.5
T00674,0.5
T01331,0.5
T10473,0.5
T01851,0.5
T02880,0.5
T02234,0.5
T04838,0.5
T02553,0.5
T19439,0.5
T05371,0.5
T05468,0.5
T18478,0.5
T12530,0.5
T16743,0.5
T10814,0.5
T09511,0.5
T10181,0.5
T12556,0.5
T11591,0.5
T17522,0.5
T06028,0.5
T14242,0.5
T16145,0.5
T00576,0.5
T11598,0.5
T02221,0.5
T11824,0.5
T08008,0.5
T01924,0.5
T08993,0.5
T08016,0.5
T20709,0.5
T19143,0.5
T06484,0.5
T06042,0.5
T19392,0.5
T20385,0.5
T11721,0.5
T19197,0.5
T11326,0.5
T16397,0.5
T16288,0.5
T20442,0.5
T05597,0.5
T17994,0.5
T10978,0.5
T02728,0.5
T06086,0.5
T01204,0.5
T18701,0.5
T15620,0.5
T13140,0.5
T20531,0.5
T13350,0.5
T11304,0.5
T11336,0.5
T13441,0.5
T06803,0.5
T11155,0.5
T06430,0.5
T04163,0.5
T09900,0.5
T06087,0.5
T01178,0.5
T18113,0.5
T10762,0.5
T14581,0.5
T10246,0.5
T12981,0.5
T14256,0.5
T01613,0.5
T18620,0.5
T05456,0.5
T16996,0.5
T07966,0.5
T00061,0.5
T09349,0.5
T20322,0.5
T08807,0.5
T00358,0.5
T14933,0.5
T01201,0.5
T06551,0.5
T16233,0.5
T18046,0.5
T20334,0.5
T07726,0.5
T08455,0.5
T06535,0.5
T03803,0.5
T12104,0.5
T09791,0.5
T16463,0.5
T17171,0.5
T09819,0.5
T14109,0.5
T06204,0.5
T03274,0.5
T13664,0.5
T07685,0.5
T10998,0.5
T12282,0.5
T15491,0.5
T04784,0.5
T15539,0.5
T06125,0.5
T15618,0.5
T16346,0.5
T02708,0.5
T14489,0.5
T04875,0.5
T18269,0.5
T08157,0.5
T01603,0.5
T15938,0.5
T10607,0.5
T09054,0.5
T11530,0.5
T18650,0.5
T02771,0.5
T02775,0.5
T16077,0.5
T19499,0.5
T08402,0.5
T00620,0.5
T19026,0.5
T17215,0.5
T04997,0.5
T00624,0.5
T03840,0.5
T08772,0.5
T03731,0.5
T01500,0.5
T07268,0.5
T15043,0.5
T15995,0.5
T16287,0.5
T05682,0.5
T10741,0.5
T05070,0.5
T16622,0.5
T01574,0.5
T18369,0.5
T04136,0.5
T03088,0.5
T01350,0.5
T00765,0.5
T03851,0.5
T12537,0.5
T00863,0.5
T13993,0.5
T19203,0.5
T18582,0.5
T15710,0.5
T10109,0.5
T17025,0.5
T12928,0.5
T11431,0.5
T07340,0.5
T12415,0.5
T08298,0.5
T01139,0.5
T14433,0.5
T08036,0.5
T01160,0.5
T16309,0.5
T00341,0.5
T11516,0.5
T18290,0.5
T15391,0.5
T15174,0.5
T05377,0.5
T05896,0.5
T16517,0.5
T04331,0.5
T19982,0.5
T07631,0.5
T10977,0.5
T11282,0.5
T08654,0.5
T19192,0.5
T19495,0.5
T00770,0.5
T10115,0.5
T08529,0.5
T11409,0.5
T08758,0.5
T20757,0.5
T20585,0.5
T00296,0.5
T06177,0.5
T04913,0.5
T01043,0.5
T00614,0.5
T04917,0.5
T12848,0.5
T14305,0.5
T20457,0.5
T04448,0.5
T11322,0.5
T14804,0.5
T05740,0.5
T04815,0.5
T09434,0.5
T10041,0.5
T09838,0.5
T07022,0.5
T10118,0.5
T14885,0.5
T04606,0.5
T07192,0.5
T11920,0.5
T09039,0.5
T16828,0.5
T19640,0.5
T06740,0.5
T06721,0.5
T16313,0.5
T08215,0.5
T07065,0.5
T07577,0.5
T19365,0.5
T04459,0.5
T01931,0.5
T06926,0.5
T07076,0.5
T19938,0.5
T03037,0.5
T14518,0.5
T12875,0.5
T09242,0.5
T01678,0.5
T12517,0.5
T03474,0.5
T00772,0.5
T07542,0.5
T18933,0.5
T04821,0.5
T06572,0.5
T12421,0.5
T06421,0.5
T00449,0.5
T11395,0.5
T02522,0.5
T20555,0.5
T02615,0.5
T12583,0.5
T10676,0.5
T03031,0.5
T17010,0.5
T03095,0.5
T11872,0.5
T12113,0.5
T18593,0.5
T20099,0.5
T11542,0.5
T15006,0.5
T07772,0.5
T02898,0.5
T04058,0.5
T14340,0.5
T20216,0.5
T15941,0.5
T19285,0.5
T08551,0.5
T19736,0.5
T11147,0.5
T04817,0.5
T15563,0.5
T06691,0.5
T00485,0.5
T04627,0.5
T16412,0.5
T03947,0.5
T15893,0.5
T10631,0.5
T01213,0.5
T06050,0.5
T19712,0.5
T19662,0.5
T12707,0.5
T05771,0.5
T14174,0.5
T14003,0.5
T18019,0.5
T12229,0.5
T02124,0.5
T02846,0.5
T18174,0.5
T02724,0.5
T16527,0.5
T10495,0.5
T19771,0.5
T10712,0.5
T14697,0.5
T07387,0.5
T16197,0.5
T02368,0.5
T04152,0.5
T12702,0.5
T19296,0.5
T19547,0.5
T11157,0.5
T07114,0.5
T15566,0.5
T12437,0.5
T06337,0.5
T11600,0.5
T05063,0.5
T08082,0.5
T19265,0.5
T08741,0.5
T14394,0.5
T19912,0.5
T11853,0.5
T00096,0.5
T01006,0.5
T14258,0.5
T06960,0.5
T05716,0.5
T07608,0.5
T14069,0.5
T08329,0.5
T16173,0.5
T12397,0.5
T15507,0.5
T19836,0.5
T09713,0.5
T17478,0.5
T01673,0.5
T10614,0.5
T20150,0.5
T03065,0.5
T00814,0.5
T04131,0.5
T01796,0.5
T20309,0.5
T09544,0.5
T02375,0.5
T17458,0.5
T20685,0.5
T19414,0.5
T07355,0.5
T12616,0.5
T12138,0.5
T12827,0.5
T14455,0.5
T13888,0.5
T20060,0.5
T12593,0.5
T08583,0.5
T18675,0.5
T04982,0.5
T20165,0.5
T03604,0.5
T03613,0.5
T19681,0.5
T15924,0.5
T09332,0.5
T15884,0.5
T06627,0.5
T07911,0.5
T16799,0.5
T10241,0.5
T20176,0.5
T01121,0.5
T09950,0.5
T03138,0.5
T04105,0.5
T00787,0.5
T01747,0.5
T02625,0.5
T08569,0.5
T08137,0.5
T03160,0.5
T02461,0.5
T13039,0.5
T12349,0.5
T20015,0.5
T16916,0.5
T13069,0.5
T01682,0.5
T10097,0.5
T20054,0.5
T20230,0.5
T11723,0.5
T04018,0.5
T07276,0.5
T20678,0.5
T13325,0.5
T14709,0.5
T14413,0.5
T06405,0.5
T04610,0.5
T06992,0.5
T10445,0.5
T13914,0.5
T12479,0.5
T02825,0.5
T06665,0.5
T19558,0.5
T02207,0.5
T03021,0.5
T16678,0.5
T02150,0.5
T16291,0.5
T06514,0.5
T13640,0.5
T05705,0.5
T18342,0.5
T07585,0.5
T13801,0.5
T16798,0.5
T06576,0.5
T10301,0.5
T07496,0.5
T17812,0.5
T20613,0.5
T01057,0.5
T19803,0.5
T08471,0.5
T10834,0.5
T17681,0.5
T13537,0.5
T10113,0.5
T02236,0.5
T01096,0.5
T15636,0.5
T08066,0.5
T13404,0.5
T09872,0.5
T11996,0.5
T00654,0.5
T06517,0.5
T06883,0.5
T09618,0.5
T19585,0.5
T07031,0.5
T11834,0.5
T05516,0.5
T10415,0.5
T11130,0.5
T15378,0.5
T10119,0.5
T08102,0.5
T19214,0.5
T18073,0.5
T11459,0.5
T00404,0.5
T09334,0.5
T06747,0.5
T12124,0.5
T20462,0.5
T17676,0.5
T05197,0.5
T03911,0.5
T10336,0.5
T19190,0.5
T16568,0.5
T17588,0.5
T17793,0.5
T02188,0.5
T04161,0.5
T16939,0.5
T04024,0.5
T03848,0.5
T08105,0.5
T17380,0.5
T10459,0.5
T16707,0.5
T01790,0.5
T12419,0.5
T12728,0.5
T16957,0.5
T16963,0.5
T17306,0.5
T13259,0.5
T11688,0.5
T16137,0.5
T09944,0.5
T18251,0.5
T00562,0.5
T07216,0.5
T02920,0.5
T10266,0.5
T12168,0.5
T15233,0.5
T00681,0.5
T08552,0.5
T10844,0.5
T18062,0.5
T05958,0.5
T02418,0.5
T03647,0.5
T18473,0.5
T17783,0.5
T03964,0.5
T14725,0.5
T06128,0.5
T08497,0.5
T05058,0.5
T10749,0.5
T01962,0.5
T03055,0.5
T18013,0.5
T16746,0.5
T09823,0.5
T18063,0.5
T12987,0.5
T16503,0.5
T08163,0.5
T04619,0.5
T08760,0.5
T00315,0.5
T08866,0.5
T07515,0.5
T00646,0.5
T07898,0.5
T09056,0.5
T02532,0.5
T04800,0.5
T18509,0.5
T13220,0.5
T20324,0.5
T06495,0.5
T07313,0.5
T01460,0.5
T17711,0.5
T14958,0.5
T06392,0.5
T12170,0.5
T04776,0.5
T13795,0.5
T00885,0.5
T11139,0.5
T05731,0.5
T06802,0.5
T06940,0.5
T20039,0.5
T02556,0.5
T05613,0.5
T02152,0.5
T10872,0.5
T01766,0.5
T06122,0.5
T06824,0.5
T18722,0.5
T02687,0.5
T13559,0.5
T19394,0.5
T05007,0.5
T11306,0.5
T10764,0.5
T20152,0.5
T04489,0.5
T18401,0.5
T17187,0.5
T12744,0.5
T02453,0.5
T06168,0.5
T16525,0.5
T16787,0.5
T14042,0.5
T10024,0.5
T11406,0.5
T06948,0.5
T11667,0.5
T06094,0.5
T19107,0.5
T05167,0.5
T02405,0.5
T20119,0.5
T11135,0.5
T00180,0.5
T08127,0.5
T00610,0.5
T14716,0.5
T07687,0.5
T16639,0.5
T15000,0.5
T15283,0.5
T12725,0.5
T04299,0.5
T01226,0.5
T18198,0.5
T02264,0.5
T15406,0.5
T04595,0.5
T14426,0.5
T07281,0.5
T16350,0.5
T15032,0.5
T15169,0.5
T12768,0.5
T01576,0.5
T10380,0.5
T18780,0.5
T05055,0.5
T05252,0.5
T15081,0.5
T05942,0.5
T09048,0.5
T15226,0.5
T18645,0.5
T04149,0.5
T08393,0.5
T00750,0.5
T01456,0.5
T10127,0.5
T10603,0.5
T17160,0.5
T06947,0.5
T05916,0.5
T09123,0.5
T10471,0.5
T06127,0.5
T00022,0.5
T11569,0.5
T03434,0.5
T18600,0.5
T14095,0.5
T12048,0.5
T00050,0.5
T01942,0.5
T11229,0.5
T18319,0.5
T01642,0.5
T11472,0.5
T20516,0.5
T14923,0.5
T19584,0.5
T12512,0.5
T03344,0.5
T11097,0.5
T07945,0.5
T08546,0.5
T04026,0.5
T14919,0.5
T00153,0.5
T17612,0.5
T08300,0.5
T09282,0.5
T02766,0.5
T06108,0.5
T13964,0.5
T17539,0.5
T06460,0.5
T03227,0.5
T08378,0.5
T04928,0.5
T12147,0.5
T02161,0.5
T09100,0.5
T17782,0.5
T04888,0.5
T07467,0.5
T01304,0.5
T18894,0.5
T13623,0.5
T13439,0.5
T03384,0.5
T01854,0.5
T01451,0.5
T01345,0.5
T14854,0.5
T13093,0.5
T01169,0.5
T15151,0.5
T04395,0.5
T20146,0.5
T10377,0.5
T18962,0.5
T07144,0.5
T03752,0.5
T17027,0.5
T06550,0.5
T10988,0.5
T01599,0.5
T05695,0.5
T09159,0.5
T07389,0.5
T16943,0.5
T01614,0.5
T05717,0.5
T09473,0.5
T07307,0.5
T09603,0.5
T08726,0.5
T18843,0.5
T02422,0.5
T19168,0.5
T15057,0.5
T10141,0.5
T06915,0.5
T11747,0.5
T14582,0.5
T18653,0.5
T16338,0.5
T14545,0.5
T02849,0.5
T01088,0.5
T01605,0.5
T04699,0.5
T16407,0.5
T13453,0.5
T02268,0.5
T04993,0.5
T03930,0.5
T18706,0.5
T11467,0.5
T14332,0.5
T20698,0.5
T18068,0.5
T18710,0.5
T20609,0.5
T06673,0.5
T06217,0.5
T14475,0.5
T13831,0.5
T12763,0.5
T17860,0.5
T18955,0.5
T09517,0.5
T09914,0.5
T06646,0.5
T14015,0.5
T01042,0.5
T08751,0.5
T08177,0.5
T12385,0.5
T01963,0.5
T13712,0.5
T18911,0.5
T00375,0.5
T12669,0.5
T02731,0.5
T14836,0.5
T02174,0.5
T00714,0.5
T00895,0.5
T07447,0.5
T03283,0.5
T04451,0.5
T17485,0.5
T04736,0.5
T07159,0.5
T04115,0.5
T01218,0.5
T15293,0.5
T11249,0.5
T14084,0.5
T12643,0.5
T17266,0.5
T17827,0.5
T07432,0.5
T05270,0.5
T15769,0.5
T18041,0.5
T00906,0.5
T19023,0.5
T02462,0.5
T18097,0.5
T18608,0.5
T07786,0.5
T12549,0.5
T09445,0.5
T18327,0.5
T19756,0.5
T07500,0.5
T02351,0.5
T00258,0.5
T13344,0.5
T18009,0.5
T05348,0.5
T18012,0.5
T16078,0.5
T17186,0.5
T13597,0.5
T09398,0.5
T17909,0.5
T09410,0.5
T10493,0.5
T09354,0.5
T02259,0.5
T18381,0.5
T04274,0.5
T17136,0.5
T01943,0.5
T04246,0.5
T19043,0.5
T17129,0.5
T19070,0.5
T15046,0.5
T02371,0.5
T08503,0.5
T14877,0.5
T13313,0.5
T10813,0.5
T07459,0.5
T03572,0.5
T03559,0.5
T09949,0.5
T16038,0.5
T17473,0.5
T17727,0.5
T17076,0.5
T06448,0.5
T03118,0.5
T15254,0.5
T16387,0.5
T15259,0.5
T11948,0.5
T11087,0.5
T06049,0.5
T05225,0.5
T00711,0.5
T04164,0.5
T10940,0.5
T10983,0.5
T20404,0.5
T12949,0.5
T12914,0.5
T07497,0.5
T11044,0.5
T16881,0.5
T02739,0.5
T10320,0.5
T06090,0.5
T10717,0.5
T08425,0.5
T08519,0.5
T17451,0.5
T17657,0.5
T20706,0.5
T01275,0.5
T06467,0.5
T17369,0.5
T05684,0.5
T14505,0.5
T05551,0.5
T15210,0.5
T07353,0.5
T16461,0.5
T07316,0.5
T17428,0.5
T01631,0.5
T10142,0.5
T15458,0.5
T08365,0.5
T07091,0.5
T02736,0.5
T13958,0.5
T11129,0.5
T16655,0.5
T01947,0.5
T16752,0.5
T08524,0.5
T14827,0.5
T16930,0.5
T11041,0.5
T06189,0.5
T14670,0.5
T07879,0.5
T13047,0.5
T08338,0.5
T12274,0.5
T07078,0.5
T05213,0.5
T04798,0.5
T17976,0.5
T16994,0.5
T20241,0.5
T09479,0.5
T12293,0.5
T04788,0.5
T18020,0.5
T00806,0.5
T08834,0.5
T02737,0.5
T04801,0.5
T12838,0.5
T06424,0.5
T13549,0.5
T01791,0.5
T17116,0.5
T05984,0.5
T15358,0.5
T07408,0.5
T19811,0.5
T18514,0.5
T11005,0.5
T03902,0.5
T16427,0.5
T05017,0.5
T04770,0.5
T05718,0.5
T09216,0.5
T07171,0.5
T20403,0.5
T12468,0.5
T05214,0.5
T02574,0.5
T12618,0.5
T15462,0.5
T19344,0.5
T09340,0.5
T04040,0.5
T14749,0.5
T14251,0.5
T14675,0.5
T13720,0.5
T14116,0.5
T19195,0.5
T11230,0.5
T13820,0.5
T15680,0.5
T01334,0.5
T09417,0.5
T02287,0.5
T09775,0.5
T20745,0.5
T14411,0.5
T01645,0.5
T06822,0.5
T01623,0.5
T06725,0.5
T19757,0.5
T01458,0.5
T19244,0.5
T08316,0.5
T07004,0.5
T19643,0.5
T15419,0.5
T02108,0.5
T11866,0.5
T04210,0.5
T11382,0.5
T18517,0.5
T18278,0.5
T01287,0.5
T08822,0.5
T19106,0.5
T04643,0.5
T13946,0.5
T20610,0.5
T06909,0.5
T07016,0.5
T06289,0.5
T19170,0.5
T08355,0.5
T13398,0.5
T12756,0.5
T14346,0.5
T09981,0.5
T17211,0.5
T17914,0.5
T17247,0.5
T02770,0.5
T08228,0.5
T11267,0.5
T11471,0.5
T00445,0.5
T01557,0.5
T09744,0.5
T14039,0.5
T05928,0.5
T18352,0.5
T19534,0.5
T03733,0.5
T00708,0.5
T00526,0.5
T01511,0.5
T05059,0.5
T10125,0.5
T11877,0.5
T00342,0.5
T10646,0.5
T01804,0.5
T20547,0.5
T13064,0.5
T06355,0.5
T08517,0.5
T18500,0.5
T12041,0.5
T05060,0.5
T17918,0.5
T15978,0.5
T16597,0.5
T17099,0.5
T10732,0.5
T00114,0.5
T15923,0.5
T17033,0.5
T05601,0.5
T00853,0.5
T11865,0.5
T01915,0.5
T11841,0.5
T17017,0.5
T08584,0.5
T05773,0.5
T12504,0.5
T03927,0.5
T02816,0.5
T18949,0.5
T16575,0.5
T15667,0.5
T02469,0.5
T10576,0.5
T02997,0.5
T14151,0.5
T15446,0.5
T15991,0.5
T03670,0.5
T03404,0.5
T14290,0.5
T06117,0.5
T05914,0.5
T03987,0.5
T08830,0.5
T03569,0.5
T07859,0.5
T10009,0.5
T03232,0.5
T18533,0.5
T01288,0.5
T10289,0.5
T11291,0.5
T14002,0.5
T12552,0.5
T17788,0.5
T14782,0.5
T11380,0.5
T00356,0.5
T04530,0.5
T08280,0.5
T01687,0.5
T10808,0.5
T12019,0.5
T08906,0.5
T10237,0.5
T15073,0.5
T17177,0.5
T03152,0.5
T17481,0.5
T19802,0.5
T20380,0.5
T16113,0.5
T18507,0.5
T06969,0.5
T17122,0.5
T15345,0.5
T02494,0.5
T06208,0.5
T17360,0.5
T09230,0.5
T05334,0.5
T09419,0.5
T01000,0.5
T10383,0.5
T16912,0.5
T16773,0.5
T11906,0.5
T00182,0.5
T13818,0.5
T20614,0.5
T14783,0.5
T18717,0.5
T06089,0.5
T03017,0.5
T16723,0.5
T18140,0.5
T14867,0.5
T17978,0.5
T06713,0.5
T09897,0.5
T17406,0.5
T01374,0.5
T17571,0.5
T12202,0.5
T12291,0.5
T14946,0.5
T07655,0.5
T17982,0.5
T07988,0.5
T17604,0.5
T05352,0.5
T09843,0.5
T03860,0.5
T02377,0.5
T03578,0.5
T18943,0.5
T02858,0.5
T04688,0.5
T10982,0.5
T20394,0.5
T05699,0.5
T12442,0.5
T05562,0.5
T02370,0.5
T03748,0.5
T02674,0.5
T10696,0.5
T06625,0.5
T07363,0.5
T15693,0.5
T02404,0.5
T05483,0.5
T08818,0.5
T14165,0.5
T09946,0.5
T12826,0.5
T01423,0.5
T06936,0.5
T20247,0.5
T12527,0.5
T12742,0.5
T15537,0.5
T20551,0.5
T03928,0.5
T12911,0.5
T16188,0.5
T17091,0.5
T20271,0.5
T04642,0.5
T04886,0.5
T01172,0.5
T18644,0.5
T14793,0.5
T02821,0.5
T07617,0.5
T20557,0.5
T17338,0.5
T02073,0.5
T00230,0.5
T14851,0.5
T09490,0.5
T12567,0.5
T00962,0.5
T07362,0.5
T18241,0.5
T07277,0.5
T19456,0.5
T15114,0.5
T16547,0.5
T03890,0.5
T03233,0.5
T00706,0.5
T02025,0.5
T10046,0.5
T15855,0.5
T06009,0.5
T09213,0.5
T08720,0.5
T05648,0.5
T10819,0.5
T17256,0.5
T11163,0.5
T13402,0.5
T09870,0.5
T08619,0.5
T00211,0.5
T17453,0.5
T04713,0.5
T11776,0.5
T00344,0.5
T19283,0.5
T03098,0.5
T17418,0.5
T12528,0.5
T01093,0.5
T06285,0.5
T14030,0.5
T16379,0.5
T17465,0.5
T12918,0.5
T09303,0.5
T04868,0.5
T09725,0.5
T16125,0.5
T18510,0.5
T18907,0.5
T02669,0.5
T11842,0.5
T02376,0.5
T20162,0.5
T10664,0.5
T04127,0.5
T20018,0.5
T12471,0.5
T09824,0.5
T09538,0.5
T15455,0.5
T11559,0.5
T15549,0.5
T06334,0.5
T04029,0.5
T11079,0.5
T01187,0.5
T01268,0.5
T14500,0.5
T00016,0.5
T12835,0.5
T10501,0.5
T09637,0.5
T09143,0.5
T11653,0.5
T11377,0.5
T09229,0.5
T15215,0.5
T00740,0.5
T12907,0.5
T03167,0.5
T06965,0.5
T02614,0.5
T15781,0.5
T13428,0.5
T05451,0.5
T02890,0.5
T05292,0.5
T04006,0.5
T08798,0.5
T18802,0.5
T02767,0.5
T02452,0.5
T00250,0.5
T02947,0.5
T07950,0.5
T02284,0.5
T02828,0.5
T12061,0.5
T20106,0.5
T16891,0.5
T01165,0.5
T00975,0.5
T04985,0.5
T13925,0.5
T17496,0.5
T00234,0.5
T01311,0.5
T16819,0.5
T17931,0.5
T16544,0.5
T05725,0.5
T05464,0.5
T20301,0.5
T14080,0.5
T02389,0.5
T09362,0.5
T04457,0.5
T09750,0.5
T04197,0.5
T05871,0.5
T01758,0.5
T09955,0.5
T10803,0.5
T01913,0.5
T04728,0.5
T10731,0.5
T09356,0.5
T12388,0.5
T14279,0.5
T20059,0.5
T17651,0.5
T04854,0.5
T19711,0.5
T20092,0.5
T17456,0.5
T13722,0.5
T11939,0.5
T19351,0.5
T10627,0.5
T07054,0.5
T11034,0.5
T14539,0.5
T13663,0.5
T12226,0.5
T19796,0.5
T09181,0.5
T09108,0.5
T08911,0.5
T01328,0.5
T04764,0.5
T05709,0.5
T16190,0.5
T02605,0.5
T02549,0.5
T04885,0.5
T09240,0.5
T10203,0.5
T15987,0.5
T19797,0.5
T10290,0.5
T06073,0.5
T13074,0.5
T06102,0.5
T07165,0.5
T15381,0.5
T10254,0.5
T14374,0.5
T01767,0.5
T16728,0.5
T15886,0.5
T18860,0.5
T01170,0.5
T07133,0.5
T20135,0.5
T09009,0.5
T07803,0.5
T19641,0.5
T03555,0.5
T16225,0.5
T04356,0.5
T06840,0.5
T03908,0.5
T07929,0.5
T20514,0.5
T18307,0.5
T00447,0.5
T03973,0.5
T15839,0.5
T11609,0.5
T14286,0.5
T15875,0.5
T05041,0.5
T07303,0.5
T02171,0.5
T12073,0.5
T19549,0.5
T14833,0.5
T13872,0.5
T11043,0.5
T19423,0.5
T14595,0.5
T09604,0.5
T14316,0.5
T05311,0.5
T17441,0.5
T03146,0.5
T03186,0.5
T13909,0.5
T01469,0.5
T17367,0.5
T14661,0.5
T15366,0.5
T18915,0.5
T04476,0.5
T16795,0.5
T10521,0.5
T15212,0.5
T08389,0.5
T20332,0.5
T04983,0.5
T01513,0.5
T19714,0.5
T10353,0.5
T00435,0.5
T16581,0.5
T14090,0.5
T11331,0.5
T04361,0.5
T05839,0.5
T15439,0.5
T13223,0.5
T20688,0.5
T13110,0.5
T03116,0.5
T18161,0.5
T06935,0.5
T17384,0.5
T18165,0.5
T17012,0.5
T12102,0.5
T02498,0.5
T04287,0.5
T10151,0.5
T17347,0.5
T01515,0.5
T13062,0.5
T11970,0.5
T13307,0.5
T19541,0.5
T03767,0.5
T15394,0.5
T08709,0.5
T00935,0.5
T11874,0.5
T12656,0.5
T13455,0.5
T02100,0.5
T20679,0.5
T00599,0.5
T05654,0.5
T20471,0.5
T16869,0.5
T08108,0.5
T15593,0.5
T20134,0.5
T03000,0.5
T05368,0.5
T15460,0.5
T03538,0.5
T18585,0.5
T18398,0.5
T12191,0.5
T17308,0.5
T16283,0.5
T07182,0.5
T11890,0.5
T06411,0.5
T05428,0.5
T16084,0.5
T11388,0.5
T04561,0.5
T02969,0.5
T07373,0.5
T07139,0.5
T03159,0.5
T05157,0.5
T04262,0.5
T02022,0.5
T11295,0.5
T00608,0.5
T01944,0.5
T19179,0.5
T17851,0.5
T13278,0.5
T06286,0.5
T00992,0.5
T02539,0.5
T09160,0.5
T01499,0.5
T03460,0.5
T09558,0.5
T12966,0.5
T15793,0.5
T00318,0.5
T12295,0.5
T17267,0.5
T00761,0.5
T15817,0.5
T01481,0.5
T19750,0.5
T10418,0.5
T16928,0.5
T10936,0.5
T08246,0.5
T10384,0.5
T07769,0.5
T01150,0.5
T17667,0.5
T02798,0.5
T04538,0.5
T00937,0.5
T20379,0.5
T16351,0.5
T04659,0.5
T10942,0.5
T07761,0.5
T04221,0.5
T06436,0.5
T15977,0.5
T08970,0.5
T16348,0.5
T16716,0.5
T09021,0.5
T10256,0.5
T00149,0.5
T16670,0.5
T03858,0.5
T15418,0.5
T11851,0.5
T07027,0.5
T02620,0.5
T13826,0.5
T20132,0.5
T11873,0.5
T09547,0.5
T03294,0.5
T08601,0.5
T08733,0.5
T15733,0.5
T20226,0.5
T02205,0.5
T05751,0.5
T03662,0.5
T00916,0.5
T07311,0.5
T06999,0.5
T05835,0.5
T13254,0.5
T12645,0.5
T20421,0.5
T12376,0.5
T11181,0.5
T07475,0.5
T20759,0.5
T06492,0.5
T11588,0.5
T19465,0.5
T17656,0.5
T03423,0.5
T01745,0.5
T18799,0.5
T08536,0.5
T18028,0.5
T08634,0.5
T17873,0.5
T05857,0.5
T04414,0.5
T20364,0.5
T15199,0.5
T16098,0.5
T20763,0.5
T02949,0.5
T12369,0.5
T19484,0.5
T03438,0.5
T09854,0.5
T17273,0.5
T19786,0.5
T04228,0.5
T16440,0.5
T09794,0.5
T10991,0.5
T18243,0.5
T03675,0.5
T20578,0.5
T19808,0.5
T13819,0.5
T12469,0.5
T17778,0.5
T12123,0.5
T18547,0.5
T07705,0.5
T13731,0.5
T13014,0.5
T12563,0.5
T15012,0.5
T13589,0.5
T08747,0.5
T10205,0.5
T03663,0.5
T09383,0.5
T20056,0.5
T17370,0.5
T19969,0.5
T03827,0.5
T17570,0.5
T09411,0.5
T15445,0.5
T15770,0.5
T03268,0.5
T07698,0.5
T12738,0.5
T06815,0.5
T17776,0.5
T09205,0.5
T10541,0.5
T02495,0.5
T03137,0.5
T20398,0.5
T01594,0.5
T02458,0.5
T12627,0.5
T16353,0.5
T05444,0.5
T10019,0.5
T14427,0.5
T17521,0.5
T16673,0.5
T19566,0.5
T14199,0.5
T00385,0.5
T15376,0.5
T14759,0.5
T03246,0.5
T19910,0.5
T01583,0.5
T19275,0.5
T08380,0.5
T08262,0.5
T18584,0.5
T07913,0.5
T05728,0.5
T14995,0.5
T04863,0.5
T04839,0.5
T14204,0.5
T13337,0.5
T09509,0.5
T10468,0.5
T09873,0.5
T14161,0.5
T10367,0.5
T13277,0.5
T09172,0.5
T05847,0.5
T19450,0.5
T17471,0.5
T04348,0.5
T07594,0.5
T01297,0.5
T09408,0.5
T07561,0.5
T00534,0.5
T04078,0.5
T13748,0.5
T07997,0.5
T17534,0.5
T07213,0.5
T08323,0.5
T01174,0.5
T15545,0.5
T17232,0.5
T19922,0.5
T00221,0.5
T11010,0.5
T12791,0.5
T00183,0.5
T11829,0.5
T15296,0.5
T20352,0.5
T07949,0.5
T17188,0.5
T00552,0.5
T19939,0.5
T07967,0.5
T09531,0.5
T19113,0.5
T10068,0.5
T00897,0.5
T03145,0.5
T20333,0.5
T14469,0.5
T20538,0.5
T06896,0.5
T01549,0.5
T10419,0.5
T03359,0.5
T03791,0.5
T13427,0.5
T11215,0.5
T16579,0.5
T00441,0.5
T09441,0.5
T04740,0.5
T14683,0.5
T14118,0.5
T08755,0.5
T20426,0.5
T02173,0.5
T16936,0.5
T11606,0.5
T15220,0.5
T20666,0.5
T19695,0.5
T12045,0.5
T02752,0.5
T11839,0.5
T07716,0.5
T06245,0.5
T05143,0.5
T13569,0.5
T01346,0.5
T08661,0.5
T05627,0.5
T19126,0.5
T05521,0.5
T11724,0.5
T14395,0.5
T16867,0.5
T01477,0.5
T00746,0.5
T07952,0.5
T01484,0.5
T04322,0.5
T10975,0.5
T07775,0.5
T04924,0.5
T03673,0.5
T11328,0.5
T00442,0.5
T13346,0.5
T09067,0.5
T03427,0.5
T12133,0.5
T05774,0.5
T17064,0.5
T15374,0.5
T10840,0.5
T05535,0.5
T07324,0.5
T02535,0.5
T10278,0.5
T10091,0.5
T14123,0.5
T13282,0.5
T14673,0.5
T09885,0.5
T19985,0.5
T00712,0.5
T02129,0.5
T20579,0.5
T16567,0.5
T11369,0.5
T03993,0.5
T09652,0.5
T13572,0.5
T20295,0.5
T05594,0.5
T04062,0.5
T08767,0.5
T15359,0.5
T01279,0.5
T19732,0.5
T15008,0.5
T18052,0.5
T06435,0.5
T03449,0.5
T02438,0.5
T12554,0.5
T10069,0.5
T19209,0.5
T10460,0.5
T03428,0.5
T00508,0.5
T02365,0.5
T02576,0.5
T12205,0.5
T19573,0.5
T15124,0.5
T17364,0.5
T13517,0.5
T05969,0.5
T03133,0.5
T07086,0.5
T14634,0.5
T12523,0.5
T12511,0.5
T09676,0.5
T03457,0.5
T18869,0.5
T14009,0.5
T03170,0.5
T14326,0.5
T17358,0.5
T06283,0.5
T14969,0.5
T09877,0.5
T02963,0.5
T08668,0.5
T15933,0.5
T08544,0.5
T13832,0.5
T02572,0.5
T01916,0.5
T01259,0.5
T17963,0.5
T05541,0.5
T18001,0.5
T05210,0.5
T06531,0.5
T11630,0.5
T16956,0.5
T15661,0.5
T10816,0.5
T18658,0.5
T10525,0.5
T20412,0.5
T16075,0.5
T01689,0.5
T19933,0.5
T12807,0.5
T14102,0.5
T00729,0.5
T05003,0.5
T18115,0.5
T06850,0.5
T19404,0.5
T16532,0.5
T11168,0.5
T18074,0.5
T02942,0.5
T09454,0.5
T05381,0.5
T20242,0.5
T03648,0.5
T06357,0.5
T12234,0.5
T18820,0.5
T07194,0.5
T11441,0.5
T03316,0.5
T10536,0.5
T00782,0.5
T17798,0.5
T09647,0.5
T01175,0.5
T17568,0.5
T03362,0.5
T06221,0.5
T16388,0.5
T18297,0.5
T09480,0.5
T07119,0.5
T08764,0.5
T04244,0.5
T19965,0.5
T20767,0.5
T09856,0.5
T06041,0.5
T18810,0.5
T16208,0.5
T10053,0.5
T06854,0.5
T14630,0.5
T08768,0.5
T18963,0.5
T15217,0.5
T17751,0.5
T18476,0.5
T09504,0.5
T04966,0.5
T14906,0.5
T06770,0.5
T06538,0.5
T13299,0.5
T16851,0.5
T01130,0.5
T10258,0.5
T19027,0.5
T04381,0.5
T05257,0.5
T00611,0.5
T03545,0.5
T06527,0.5
T13963,0.5
T03859,0.5
T20240,0.5
T18743,0.5
T16430,0.5
T07314,0.5
T11693,0.5
T10766,0.5
T19945,0.5
T19798,0.5
T07914,0.5
T20046,0.5
T01317,0.5
T02115,0.5
T18900,0.5
T00208,0.5
T18163,0.5
T18742,0.5
T03966,0.5
T01779,0.5
T14188,0.5
T07176,0.5
T06429,0.5
T04106,0.5
T14655,0.5
T08179,0.5
T09187,0.5
T08291,0.5
T09085,0.5
T15165,0.5
T19749,0.5
T04208,0.5
T18413,0.5
T15303,0.5
T17945,0.5
T10335,0.5
T08478,0.5
T09403,0.5
T02525,0.5
T16913,0.5
T09625,0.5
T13930,0.5
T00767,0.5
T02437,0.5
T10826,0.5
T11753,0.5
T00738,0.5
T04709,0.5
T14160,0.5
T02876,0.5
T03335,0.5
T20493,0.5
T16418,0.5
T05840,0.5
T01161,0.5
T16834,0.5
T00238,0.5
T01465,0.5
T01538,0.5
T18089,0.5
T05061,0.5
T05327,0.5
T05834,0.5
T14373,0.5
T03886,0.5
T17808,0.5
T17060,0.5
T17164,0.5
T02342,0.5
T20109,0.5
T18411,0.5
T17444,0.5
T11861,0.5
T10852,0.5
T08476,0.5
T01669,0.5
T13799,0.5
T01797,0.5
T20461,0.5
T10738,0.5
T09275,0.5
T02478,0.5
T03169,0.5
T02686,0.5
T10464,0.5
T10184,0.5
T05446,0.5
T16003,0.5
T05794,0.5
T14750,0.5
T05974,0.5
T01553,0.5
T13416,0.5
T06542,0.5
T12252,0.5
T03741,0.5
T17498,0.5
T05170,0.5
T10962,0.5
T00641,0.5
T02040,0.5
T12979,0.5
T19858,0.5
T19489,0.5
T15918,0.5
T09812,0.5
T06176,0.5
T17528,0.5
T03342,0.5
T05819,0.5
T16466,0.5
T19762,0.5
T08216,0.5
T14324,0.5
T05324,0.5
T17394,0.5
T06413,0.5
T12507,0.5
T04477,0.5
T04488,0.5
T13424,0.5
T03529,0.5
T08691,0.5
T01966,0.5
T06847,0.5
T16878,0.5
T14159,0.5
T06056,0.5
T09899,0.5
T04704,0.5
T04346,0.5
T11695,0.5
T04045,0.5
T17959,0.5
T17135,0.5
T01634,0.5
T02807,0.5
T05801,0.5
T16087,0.5
T01935,0.5
T09249,0.5
T15326,0.5
T09653,0.5
T12767,0.5
T12722,0.5
T03245,0.5
T06826,0.5
T04159,0.5
T00420,0.5
T14148,0.5
T19415,0.5
T00321,0.5
T08652,0.5
T08952,0.5
T01333,0.5
T05968,0.5
T11154,0.5
T19686,0.5
T19426,0.5
T11448,0.5
T01399,0.5
T17195,0.5
T20312,0.5
T20222,0.5
T08054,0.5
T01070,0.5
T15452,0.5
T07391,0.5
T13112,0.5
T02190,0.5
T13031,0.5
T15825,0.5
T16604,0.5
T06859,0.5
T13610,0.5
T06284,0.5
T02059,0.5
T14312,0.5
T18341,0.5
T08404,0.5
T14817,0.5
T16443,0.5
T17603,0.5
T05082,0.5
T06425,0.5
T07206,0.5
T02349,0.5
T11689,0.5
T20750,0.5
T06817,0.5
T05355,0.5
T13216,0.5
T18049,0.5
T18039,0.5
T14483,0.5
T13700,0.5
T07062,0.5
T17561,0.5
T11870,0.5
T06869,0.5
T19846,0.5
T02700,0.5
T07759,0.5
T05223,0.5
T00511,0.5
T00768,0.5
T04110,0.5
T12815,0.5
T06641,0.5
T12893,0.5
T01892,0.5
T11042,0.5
T18982,0.5
T20095,0.5
T11661,0.5
T04486,0.5
T04750,0.5
T01808,0.5
T03356,0.5
T11536,0.5
T04789,0.5
T10545,0.5
T11059,0.5
T01914,0.5
T12158,0.5
T06048,0.5
T03422,0.5
T19222,0.5
T17709,0.5
T13778,0.5
T17556,0.5
T05919,0.5
T20687,0.5
T02648,0.5
T11969,0.5
T17736,0.5
T06597,0.5
T19800,0.5
T06693,0.5
T07112,0.5
T13593,0.5
T07802,0.5
T13059,0.5
T17787,0.5
T19009,0.5
T00011,0.5
T03580,0.5
T00513,0.5
T10873,0.5
T03131,0.5
T16757,0.5
T01018,0.5
T17649,0.5
T04668,0.5
T03014,0.5
T15478,0.5
T13694,0.5
T20626,0.5
T09163,0.5
T14086,0.5
T13221,0.5
T05165,0.5
T19312,0.5
T01338,0.5
T16374,0.5
T19407,0.5
T18106,0.5
T16330,0.5
T09518,0.5
T14645,0.5
T15241,0.5
T08090,0.5
T16192,0.5
T19864,0.5
T12796,0.5
T00822,0.5
T20429,0.5
T16178,0.5
T16700,0.5
T00537,0.5
T18512,0.5
T01066,0.5
T15298,0.5
T03699,0.5
T14220,0.5
T15584,0.5
T05555,0.5
T14168,0.5
T16642,0.5
T17856,0.5
T03215,0.5
T10345,0.5
T03363,0.5
T16737,0.5
T17408,0.5
T13395,0.5
T16535,0.5
T01507,0.5
T00430,0.5
T07887,0.5
T17680,0.5
T20596,0.5
T05382,0.5
T17875,0.5
T02852,0.5
T05385,0.5
T04386,0.5
T11576,0.5
T05250,0.5
T06370,0.5
T18537,0.5
T12711,0.5
T02103,0.5
T00070,0.5
T11150,0.5
T05400,0.5
T17174,0.5
T13956,0.5
T06246,0.5
T01439,0.5
T08121,0.5
T00548,0.5
T16071,0.5
T00775,0.5
T15517,0.5
T03577,0.5
T20131,0.5
T10677,0.5
T05681,0.5
T16964,0.5
T15530,0.5
T17690,0.5
T06101,0.5
T10333,0.5
T19530,0.5
T07977,0.5
T11433,0.5
T16602,0.5
T09681,0.5
T10811,0.5
T18754,0.5
T13300,0.5
T13614,0.5
T00987,0.5
T18482,0.5
T09251,0.5
T14668,0.5
T17695,0.5
T02965,0.5
T16247,0.5
T04523,0.5
T06848,0.5
T09073,0.5
T00466,0.5
T01239,0.5
T14799,0.5
T05549,0.5
T20007,0.5
T10255,0.5
T18419,0.5
T04038,0.5
T14629,0.5
T15223,0.5
T19537,0.5
T20549,0.5
T09593,0.5
T02442,0.5
T18979,0.5
T20000,0.5
T20105,0.5
T04650,0.5
T00545,0.5
T11141,0.5
T17487,0.5
T20009,0.5
T17323,0.5
T07398,0.5
T09998,0.5
T13867,0.5
T08908,0.5
T18579,0.5
T16726,0.5
T19067,0.5
T09243,0.5
T06863,0.5
T00942,0.5
T09418,0.5
T09799,0.5
T15351,0.5
T11257,0.5
T08986,0.5
T16268,0.5
T10270,0.5
T13025,0.5
T12355,0.5
T11007,0.5
T10015,0.5
T20133,0.5
T17409,0.5
T03148,0.5
T11171,0.5
T10973,0.5
T05498,0.5
T11285,0.5
T16034,0.5
T13662,0.5
T16386,0.5
T00968,0.5
T17140,0.5
T05316,0.5
T08868,0.5
T12220,0.5
T10714,0.5
T02343,0.5
T18689,0.5
T03027,0.5
T10028,0.5
T08883,0.5
T05538,0.5
T17634,0.5
T19602,0.5
T16207,0.5
T13746,0.5
T12340,0.5
T19228,0.5
T11063,0.5
T05118,0.5
T01744,0.5
T08261,0.5
T10172,0.5
T09904,0.5
T03259,0.5
T14372,0.5
T10452,0.5
T04276,0.5
T16643,0.5
T07785,0.5
T19082,0.5
T01498,0.5
T00518,0.5
T16562,0.5
T05471,0.5
T00479,0.5
T06754,0.5
T15472,0.5
T00789,0.5
T07025,0.5
T20372,0.5
T14956,0.5
T18998,0.5
T03024,0.5
T16015,0.5
T13507,0.5
T19291,0.5
T11512,0.5
T03669,0.5
T05543,0.5
T05711,0.5
T17020,0.5
T08665,0.5
T08007,0.5
T15005,0.5
T08463,0.5
T08932,0.5
T06033,0.5
T20479,0.5
T03782,0.5
T13153,0.5
T17937,0.5
T13157,0.5
T11303,0.5
T02509,0.5
T02125,0.5
T11965,0.5
T02047,0.5
T00831,0.5
T02894,0.5
T17041,0.5
T11983,0.5
T19481,0.5
T10782,0.5
T08064,0.5
T20697,0.5
T11394,0.5
T15621,0.5
T08337,0.5
T12859,0.5
T01164,0.5
T19789,0.5
T12236,0.5
T05031,0.5
T12126,0.5
T17470,0.5
T01665,0.5
T01083,0.5
T07059,0.5
T07965,0.5
T13146,0.5
T12870,0.5
T06194,0.5
T16020,0.5
T06742,0.5
T12568,0.5
T15405,0.5
T02587,0.5
T18183,0.5
T19524,0.5
T04216,0.5
T09082,0.5
T09399,0.5
T02210,0.5
T00507,0.5
T12195,0.5
T01702,0.5
T17381,0.5
T06181,0.5
T00251,0.5
T13789,0.5
T16421,0.5
T01490,0.5
T17731,0.5
T14098,0.5
T12800,0.5
T10199,0.5
T19609,0.5
T01028,0.5
T00316,0.5
T01278,0.5
T17678,0.5
T00452,0.5
T19852,0.5
T09565,0.5
T03700,0.5
T02274,0.5
T05040,0.5
T02352,0.5
T03081,0.5
T14423,0.5
T18440,0.5
T12773,0.5
T06895,0.5
T03585,0.5
T12352,0.5
T16744,0.5
T11526,0.5
T19889,0.5
T18714,0.5
T10622,0.5
T15659,0.5
T15116,0.5
T13316,0.5
T06178,0.5
T01982,0.5
T10976,0.5
T01539,0.5
T01509,0.5
T09161,0.5
T12470,0.5
T11904,0.5
T02693,0.5
T08732,0.5
T06040,0.5
T04185,0.5
T15214,0.5
T12830,0.5
T15574,0.5
T09626,0.5
T14306,0.5
T11239,0.5
T00015,0.5
T01186,0.5
T11692,0.5
T05064,0.5
T17916,0.5
T16119,0.5
T06215,0.5
T12009,0.5
T07038,0.5
T06340,0.5
T13401,0.5
T17161,0.5
T08685,0.5
T05680,0.5
T13582,0.5
T19514,0.5
T11737,0.5
T13339,0.5
T20738,0.5
T03489,0.5
T09258,0.5
T03244,0.5
T15429,0.5
T16698,0.5
T02703,0.5
T01141,0.5
T17374,0.5
T09169,0.5
T17726,0.5
T12240,0.5
T19635,0.5
T06563,0.5
T19936,0.5
T16619,0.5
T14743,0.5
T18396,0.5
T04625,0.5
T11259,0.5
T19466,0.5
T13238,0.5
T09337,0.5
T09284,0.5
T18838,0.5
T03056,0.5
T10531,0.5
T03352,0.5
T02635,0.5
T18628,0.5
T08555,0.5
T06846,0.5
T16924,0.5
T00474,0.5
T08871,0.5
T10117,0.5
T00345,0.5
T20140,0.5
T08664,0.5
T20651,0.5
T17799,0.5
T11929,0.5
T19074,0.5
T07557,0.5
T12685,0.5
T15069,0.5
T09192,0.5
T04978,0.5
T15330,0.5
T00290,0.5
T05865,0.5
T13898,0.5
T06001,0.5
T01890,0.5
T12317,0.5
T09740,0.5
T06378,0.5
T12860,0.5
T03887,0.5
T03258,0.5
T17035,0.5
T02000,0.5
T14485,0.5
T07791,0.5
T03672,0.5
T12892,0.5
T11120,0.5
T12887,0.5
T09448,0.5
T18129,0.5
T12144,0.5
T05576,0.5
T20224,0.5
T10178,0.5
T00265,0.5
T06643,0.5
T10588,0.5
T14366,0.5
T05113,0.5
T04805,0.5
T02167,0.5
T18760,0.5
T04181,0.5
T07836,0.5
T01007,0.5
T02121,0.5
T19693,0.5
T14311,0.5
T03763,0.5
T15433,0.5
T03102,0.5
T09107,0.5
T10392,0.5
T10539,0.5
T02182,0.5
T06433,0.5
T09496,0.5
T11902,0.5
T03234,0.5
T19293,0.5
T02339,0.5
T00515,0.5
T07241,0.5
T01015,0.5
T10505,0.5
T18397,0.5
T04286,0.5
T00247,0.5
T01996,0.5
T00816,0.5
T13255,0.5
T12862,0.5
T02425,0.5
T01871,0.5
T09968,0.5
T15683,0.5
T14512,0.5
T12294,0.5
T17659,0.5
T00809,0.5
T19784,0.5
T07073,0.5
T16767,0.5
T10847,0.5
T01580,0.5
T17735,0.5
T19677,0.5
T03874,0.5
T12967,0.5
T17241,0.5
T03192,0.5
T18652,0.5
T02362,0.5
T16409,0.5
T11521,0.5
T14679,0.5
T16576,0.5
T04371,0.5
T08919,0.5
T02913,0.5
T14377,0.5
T16474,0.5
T13943,0.5
T03634,0.5
T01719,0.5
T15029,0.5
T15327,0.5
T09453,0.5
T11938,0.5
T17038,0.5
T08843,0.5
T04902,0.5
T16791,0.5
T10365,0.5
T06912,0.5
T07948,0.5
T11314,0.5
T19007,0.5
T03220,0.5
T02223,0.5
T14515,0.5
T07137,0.5
T09505,0.5
T19916,0.5
T13773,0.5
T01997,0.5
T20048,0.5
T04205,0.5
T06314,0.5
T12171,0.5
T04082,0.5
T04931,0.5
T03590,0.5
T17878,0.5
T05152,0.5
T20212,0.5
T13637,0.5
T06471,0.5
T09046,0.5
T16961,0.5
T11921,0.5
T09333,0.5
T04693,0.5
T01654,0.5
T11290,0.5
T19219,0.5
T07250,0.5
T17227,0.5
T13945,0.5
T17393,0.5
T04490,0.5
T20153,0.5
T11710,0.5
T15604,0.5
T01241,0.5
T10735,0.5
T10602,0.5
T00026,0.5
T19765,0.5
T20643,0.5
T13353,0.5
T12741,0.5
T02410,0.5
T14696,0.5
T12351,0.5
T13311,0.5
T18727,0.5
T11116,0.5
T12094,0.5
T15434,0.5
T13272,0.5
T13631,0.5
T15129,0.5
T15302,0.5
T03454,0.5
T20576,0.5
T07068,0.5
T12482,0.5
T06569,0.5
T00306,0.5
T07455,0.5
T17901,0.5
T10993,0.5
T11888,0.5
T15615,0.5
T16693,0.5
T09292,0.5
T15801,0.5
T11720,0.5
T08888,0.5
T12971,0.5
T08754,0.5
T04333,0.5
T15068,0.5
T04991,0.5
T13600,0.5
T17623,0.5
T07536,0.5
T13448,0.5
T18557,0.5
T08956,0.5
T14400,0.5
T06700,0.5
T07599,0.5
T00860,0.5
T15348,0.5
T00181,0.5
T19111,0.5
T15161,0.5
T00127,0.5
T13435,0.5
T10723,0.5
T00384,0.5
T20436,0.5
T09122,0.5
T08889,0.5
T15591,0.5
T00867,0.5
T09729,0.5
T07987,0.5
T08390,0.5
T15397,0.5
T12674,0.5
T19598,0.5
T03991,0.5
T02845,0.5
T13378,0.5
T03135,0.5
T15335,0.5
T05566,0.5
T12257,0.5
T17335,0.5
T17858,0.5
T10179,0.5
T10465,0.5
T13937,0.5
T09111,0.5
T19525,0.5
T20601,0.5
T04672,0.5
T03052,0.5
T19601,0.5
T08641,0.5
T01122,0.5
T14212,0.5
T11367,0.5
T13948,0.5
T12659,0.5
T16797,0.5
T10428,0.5
T07426,0.5
T20424,0.5
T13730,0.5
T17765,0.5
T04707,0.5
T13389,0.5
T05448,0.5
T03959,0.5
T03376,0.5
T17454,0.5
T13285,0.5
T11509,0.5
T14651,0.5
T02102,0.5
T12667,0.5
T07843,0.5
T15447,0.5
T13247,0.5
T18565,0.5
T04341,0.5
T00889,0.5
T19578,0.5
T02136,0.5
T19947,0.5
T03600,0.5
T01977,0.5
T19544,0.5
T19924,0.5
T06011,0.5
T18067,0.5
T04581,0.5
T04032,0.5
T09414,0.5
T12761,0.5
T15796,0.5
T09261,0.5
T09683,0.5
T17396,0.5
T07122,0.5
T16677,0.5
T17322,0.5
T06272,0.5
T17371,0.5
T17207,0.5
T13246,0.5
T02824,0.5
T18280,0.5
T16343,0.5
T01658,0.5
T06515,0.5
T05495,0.5
T14814,0.5
T03447,0.5
T15467,0.5
T19297,0.5
T10853,0.5
T11047,0.5
T12284,0.5
T05080,0.5
T16553,0.5
T17984,0.5
T10827,0.5
T11651,0.5
T02921,0.5
T16949,0.5
T01082,0.5
T07385,0.5
T06562,0.5
T12279,0.5
T09486,0.5
T18088,0.5
T19920,0.5
T13724,0.5
T09084,0.5
T04085,0.5
T07245,0.5
T19018,0.5
T10213,0.5
T00527,0.5
T14440,0.5
T08281,0.5
T11664,0.5
T08047,0.5
T06483,0.5
T19024,0.5
T09008,0.5
T06522,0.5
T14323,0.5
T11923,0.5
T07285,0.5
T15281,0.5
T08717,0.5
T18147,0.5
T01817,0.5
T11947,0.5
T13331,0.5
T06534,0.5
T01755,0.5
T13203,0.5
T07675,0.5
T16227,0.5
T00981,0.5
T19990,0.5
T07620,0.5
T14299,0.5
T04190,0.5
T03723,0.5
T04267,0.5
T10798,0.5
T05233,0.5
T17866,0.5
T02267,0.5
T12555,0.5
T15739,0.5
T06913,0.5
T04475,0.5
T15459,0.5
T19488,0.5
T01541,0.5
T19114,0.5
T02480,0.5
T19597,0.5
T01837,0.5
T08797,0.5
T18681,0.5
T10615,0.5
T03110,0.5
T14557,0.5
T00035,0.5
T10479,0.5
T02037,0.5
T19136,0.5
T14020,0.5
T07005,0.5
T11136,0.5
T11123,0.5
T16711,0.5
T19698,0.5
T16220,0.5
T00554,0.5
T11819,0.5
T03347,0.5
T17585,0.5
T10167,0.5
T06298,0.5
T10210,0.5
T04630,0.5
T18385,0.5
T04215,0.5
T03826,0.5
T05698,0.5
T09947,0.5
T13560,0.5
T07013,0.5
T07989,0.5
T08801,0.5
T04130,0.5
T00903,0.5
T10124,0.5
T15913,0.5
T13978,0.5
T02741,0.5
T16237,0.5
T20215,0.5
T04454,0.5
T06771,0.5
T17575,0.5
T11387,0.5
T09047,0.5
T08924,0.5
T14648,0.5
T09102,0.5
T02598,0.5
T17262,0.5
T11750,0.5
T20166,0.5
T16660,0.5
T00085,0.5
T19307,0.5
T17340,0.5
T03571,0.5
T00541,0.5
T10830,0.5
T12529,0.5
T14812,0.5
T11338,0.5
T20044,0.5
T07067,0.5
T05000,0.5
T01467,0.5
T01258,0.5
T08092,0.5
T17840,0.5
T02116,0.5
T05830,0.5
T15712,0.5
T17874,0.5
T02659,0.5
T03247,0.5
T09346,0.5
T19425,0.5
T09932,0.5
T11950,0.5
T06058,0.5
T01955,0.5
T03667,0.5
T06186,0.5
T14233,0.5
T11994,0.5
T09412,0.5
T17209,0.5
T07899,0.5
T07410,0.5
T08598,0.5
T12273,0.5
T02891,0.5
T18610,0.5
T14183,0.5
T19175,0.5
T16186,0.5
T04415,0.5
T17517,0.5
T16436,0.5
T06306,0.5
T01866,0.5
T20659,0.5
T16926,0.5
T12480,0.5
T07235,0.5
T07418,0.5
T11487,0.5
T13092,0.5
T20121,0.5
T03737,0.5
T19930,0.5
T14249,0.5
T01503,0.5
T06344,0.5
T19605,0.5
T18395,0.5
T11631,0.5
T06112,0.5
T20645,0.5
T05441,0.5
T15533,0.5
T07501,0.5
T04088,0.5
T14742,0.5
T19699,0.5
T00724,0.5
T14022,0.5
T07081,0.5
T15746,0.5
T12873,0.5
T06584,0.5
T09983,0.5
T15370,0.5
T12070,0.5
T06161,0.5
T05220,0.5
T03583,0.5
T18928,0.5
T15915,0.5
T18497,0.5
T02964,0.5
T08415,0.5
T01945,0.5
T14907,0.5
T03409,0.5
T11050,0.5
T09627,0.5
T01293,0.5
T11419,0.5
T18470,0.5
T00196,0.5
T02901,0.5
T15502,0.5
T18910,0.5
T14728,0.5
T18415,0.5
T13229,0.5
T02745,0.5
T14432,0.5
T08049,0.5
T18938,0.5
T16335,0.5
T17728,0.5
T20058,0.5
T07424,0.5
T16648,0.5
T03005,0.5
T04926,0.5
T17245,0.5
T10282,0.5
T00531,0.5
T16494,0.5
T05395,0.5
T05662,0.5
T11081,0.5
T07650,0.5
T03111,0.5
T09322,0.5
T07645,0.5
T13489,0.5
T00217,0.5
T06105,0.5
T17790,0.5
T17609,0.5
T10914,0.5
T11968,0.5
T19428,0.5
T13534,0.5
T18345,0.5
T18824,0.5
T18764,0.5
T13558,0.5
T10689,0.5
T16089,0.5
T20207,0.5
T07184,0.5
T01533,0.5
T13588,0.5
T00925,0.5
T16484,0.5
T07747,0.5
T13367,0.5
T20508,0.5
T17936,0.5
T01684,0.5
T09927,0.5
T17180,0.5
T05100,0.5
T08325,0.5
T01978,0.5
T06027,0.5
T19254,0.5
T13714,0.5
T11480,0.5
T12290,0.5
T08782,0.5
T17190,0.5
T09601,0.5
T00568,0.5
T15704,0.5
T07706,0.5
T19287,0.5
T00873,0.5
T06983,0.5
T07234,0.5
T04437,0.5
T19320,0.5
T18003,0.5
T00188,0.5
T16425,0.5
T14401,0.5
T07694,0.5
T03764,0.5
T17723,0.5
T14101,0.5
T15734,0.5
T01428,0.5
T08217,0.5
T13366,0.5
T19382,0.5
T15409,0.5
T18817,0.5
T12559,0.5
T19581,0.5
T06530,0.5
T15588,0.5
T14766,0.5
T13761,0.5
T00337,0.5
T19199,0.5
T11214,0.5
T13921,0.5
T04633,0.5
T18263,0.5
T10447,0.5
T05715,0.5
T12358,0.5
T00003,0.5
T14225,0.5
T20055,0.5
T16572,0.5
T01806,0.5
T15983,0.5
T09817,0.5
T15961,0.5
T14502,0.5
T04081,0.5
T19266,0.5
T11200,0.5
T20174,0.5
T06498,0.5
T02406,0.5
T07036,0.5
T19336,0.5
T15925,0.5
T03279,0.5
T12391,0.5
T01912,0.5
T14548,0.5
T16556,0.5
T08026,0.5
T08867,0.5
T07458,0.5
T20331,0.5
T12007,0.5
T16738,0.5
T12996,0.5
T16264,0.5
T11138,0.5
T08440,0.5
T10662,0.5
T00839,0.5
T12650,0.5
T03820,0.5
T17975,0.5
T06685,0.5
T19035,0.5
T13156,0.5
T07986,0.5
T15287,0.5
T13671,0.5
T03512,0.5
T05898,0.5
T10018,0.5
T03536,0.5
T12017,0.5
T03070,0.5
T20605,0.5
T15424,0.5
T06345,0.5
T13103,0.5
T10322,0.5
T19163,0.5
T00752,0.5
T17574,0.5
T07596,0.5
T16153,0.5
T17822,0.5
T09491,0.5
T14899,0.5
T02227,0.5
T17965,0.5
T02875,0.5
T07259,0.5
T11511,0.5
T10972,0.5
T13971,0.5
T13508,0.5
T01009,0.5
T08686,0.5
T14622,0.5
T11797,0.5
T18775,0.5
T18308,0.5
T10208,0.5
T13256,0.5
T19347,0.5
T18776,0.5
T12149,0.5
T16435,0.5
T16049,0.5
T04963,0.5
T07774,0.5
T13830,0.5
T07907,0.5
T10261,0.5
T02818,0.5
T07773,0.5
T14901,0.5
T06887,0.5
T11501,0.5
T05531,0.5
T09884,0.5
T15034,0.5
T09678,0.5
T01550,0.5
T09055,0.5
T12067,0.5
T00639,0.5
T00121,0.5
T14007,0.5
T03564,0.5
T06985,0.5
T14654,0.5
T12570,0.5
T03039,0.5
T13440,0.5
T13587,0.5
T19189,0.5
T15553,0.5
T18259,0.5
T02488,0.5
T14973,0.5
T09358,0.5
T16574,0.5
T20117,0.5
T09931,0.5
T08674,0.5
T02577,0.5
T02928,0.5
T16215,0.5
T14438,0.5
T03305,0.5
T13474,0.5
T00499,0.5
T18353,0.5
T06383,0.5
T01521,0.5
T19752,0.5
T15854,0.5
T11430,0.5
T05026,0.5
T10148,0.5
T01195,0.5
T04456,0.5
T20636,0.5
T10535,0.5
T16032,0.5
T14617,0.5
T13780,0.5
T07185,0.5
T08272,0.5
T20139,0.5
T09437,0.5
T02490,0.5
T08651,0.5
T07052,0.5
T09341,0.5
T20316,0.5
T19901,0.5
T18788,0.5
T12119,0.5
T04973,0.5
T07921,0.5
T04857,0.5
T18723,0.5
T15104,0.5
T17167,0.5
T08815,0.5
T04125,0.5
T01926,0.5
T18995,0.5
T17720,0.5
T03936,0.5
T17149,0.5
T05739,0.5
T00540,0.5
T20170,0.5
T20315,0.5
T14268,0.5
T18647,0.5
T13772,0.5
T03194,0.5
T00652,0.5
T05353,0.5
T06281,0.5
T05285,0.5
T13859,0.5
T11095,0.5
T02367,0.5
T03706,0.5
T17707,0.5
T11735,0.5
T04666,0.5
T02270,0.5
T09875,0.5
T14608,0.5
T16774,0.5
T12015,0.5
T10917,0.5
T08852,0.5
T04855,0.5
T18958,0.5
T04398,0.5
T04706,0.5
T05109,0.5
T15096,0.5
T20402,0.5
T03398,0.5
T10211,0.5
T20655,0.5
T18917,0.5
T08212,0.5
T02634,0.5
T04616,0.5
T20423,0.5
T07522,0.5
T10304,0.5
T02128,0.5
T08058,0.5
T03121,0.5
T15227,0.5
T07854,0.5
T06931,0.5
T14999,0.5
T17952,0.5
T00871,0.5
T02416,0.5
T04114,0.5
T16523,0.5
T03783,0.5
T04970,0.5
T18781,0.5
T14406,0.5
T20338,0.5
T17958,0.5
T07766,0.5
T10947,0.5
T12348,0.5
T01364,0.5
T15019,0.5
T08413,0.5
T07593,0.5
T10306,0.5
T13433,0.5
T07302,0.5
T01829,0.5
T03744,0.5
T02142,0.5
T10884,0.5
T01095,0.5
T12672,0.5
T07930,0.5
T11209,0.5
T03191,0.5
T10434,0.5
T04689,0.5
T09751,0.5
T09596,0.5
T14231,0.5
T12498,0.5
T01438,0.5
T12069,0.5
T04234,0.5
T01322,0.5
T13054,0.5
T02722,0.5
T15797,0.5
T07983,0.5
T15411,0.5
T00592,0.5
T02411,0.5
T01710,0.5
T14802,0.5
T04965,0.5
T12639,0.5
T06660,0.5
T12542,0.5
T09339,0.5
T03596,0.5
T16295,0.5
T11126,0.5
T18739,0.5
T12034,0.5
T07294,0.5
T09109,0.5
T07101,0.5
T10140,0.5
T15853,0.5
T19138,0.5
T20223,0.5
T19198,0.5
T05508,0.5
T09357,0.5
T01024,0.5
T13808,0.5
T14051,0.5
T16460,0.5
T11400,0.5
T01585,0.5
T11161,0.5
T05122,0.5
T01173,0.5
T11702,0.5
T11027,0.5
T19502,0.5
T07028,0.5
T00256,0.5
T18141,0.5
T13690,0.5
T14134,0.5
T14322,0.5
T19139,0.5
T19033,0.5
T17579,0.5
T15543,0.5
T18144,0.5
T05953,0.5
T10059,0.5
T10927,0.5
T15759,0.5
T16376,0.5
T05300,0.5
T17870,0.5
T05748,0.5
T04930,0.5
T20525,0.5
T17713,0.5
T11800,0.5
T19249,0.5
T03351,0.5
T16747,0.5
T04480,0.5
T15352,0.5
T08998,0.5
T19511,0.5
T08367,0.5
T18895,0.5
T04425,0.5
T14536,0.5
T16502,0.5
T15500,0.5
T04591,0.5
T18349,0.5
T05168,0.5
T07943,0.5
T18534,0.5
T17293,0.5
T16019,0.5
T08072,0.5
T00983,0.5
T01880,0.5
T04936,0.5
T03570,0.5
T03850,0.5
T00773,0.5
T15117,0.5
T00828,0.5
T14353,0.5
T14886,0.5
T18021,0.5
T09920,0.5
T14849,0.5
T06452,0.5
T16438,0.5
T01595,0.5
T07187,0.5
T00151,0.5
T01242,0.5
T00605,0.5
T01078,0.5
T11355,0.5
T15780,0.5
T12065,0.5
T18400,0.5
T12096,0.5
T15861,0.5
T01228,0.5
T02290,0.5
T06626,0.5
T19644,0.5
T15580,0.5
T00174,0.5
T08988,0.5
T14149,0.5
T13165,0.5
T13583,0.5
T07708,0.5
T19834,0.5
T02398,0.5
T14972,0.5
T15975,0.5
T15364,0.5
T20318,0.5
T19334,0.5
T02445,0.5
T05318,0.5
T19579,0.5
T09393,0.5
T18270,0.5
T12166,0.5
T03659,0.5
T12784,0.5
T01235,0.5
T20714,0.5
T16550,0.5
T03293,0.5
T08938,0.5
T08575,0.5
T02341,0.5
T06069,0.5
T15841,0.5
T00522,0.5
T02573,0.5
T04076,0.5
T09000,0.5
T18138,0.5
T14639,0.5
T20286,0.5
T05895,0.5
T06553,0.5
T01974,0.5
T11765,0.5
T00760,0.5
T08504,0.5
T13887,0.5
T17113,0.5
T06724,0.5
T09610,0.5
T16583,0.5
T19660,0.5
T01620,0.5
T14757,0.5
T08669,0.5
T18135,0.5
T17486,0.5
T20458,0.5
T13234,0.5
T05513,0.5
T08100,0.5
T17779,0.5
T00986,0.5
T15864,0.5
T15221,0.5
T18954,0.5
T16322,0.5
T06938,0.5
T15385,0.5
T03900,0.5
T08223,0.5
T15300,0.5
T20600,0.5
T11219,0.5
T12786,0.5
T03611,0.5
T00893,0.5
T04223,0.5
T07258,0.5
T04189,0.5
T08334,0.5
T03345,0.5
T20507,0.5
T20637,0.5
T08585,0.5
T16962,0.5
T19696,0.5
T02230,0.5
T04383,0.5
T12430,0.5
T18389,0.5
T19305,0.5
T02001,0.5
T19476,0.5
T03493,0.5
T10941,0.5
T17872,0.5
T04157,0.5
T08753,0.5
T06458,0.5
T19451,0.5
T14192,0.5
T07435,0.5
T19812,0.5
T08204,0.5
T07070,0.5
T18055,0.5
T17258,0.5
T15877,0.5
T12302,0.5
T06391,0.5
T00172,0.5
T01120,0.5
T05892,0.5
T16931,0.5
T10565,0.5
T01505,0.5
T08735,0.5
T00455,0.5
T07990,0.5
T09513,0.5
T20607,0.5
T04094,0.5
T12227,0.5
T01510,0.5
T14297,0.5
T20169,0.5
T13099,0.5
T02855,0.5
T07405,0.5
T11274,0.5
T18552,0.5
T02195,0.5
T15741,0.5
T08294,0.5
T14641,0.5
T11789,0.5
T15663,0.5
T20703,0.5
T11614,0.5
T08185,0.5
T07479,0.5
T06575,0.5
T03632,0.5
T06902,0.5
T06490,0.5
T15196,0.5
T07935,0.5
T17044,0.5
T19409,0.5
T05614,0.5
T07100,0.5
T04101,0.5
T14526,0.5
T16082,0.5
T09212,0.5
T05921,0.5
T01870,0.5
T12246,0.5
T13341,0.5
T09813,0.5
T02140,0.5
T08458,0.5
T15402,0.5
T13471,0.5
T13653,0.5
T10252,0.5
T15014,0.5
T20635,0.5
T03525,0.5
T17733,0.5
T16161,0.5
T01680,0.5
T13179,0.5
T15426,0.5
T02608,0.5
T20733,0.5
T14684,0.5
T17730,0.5
T02250,0.5
T09855,0.5
T10817,0.5
T01607,0.5
T04527,0.5
T07099,0.5
T18767,0.5
T18292,0.5
T17838,0.5
T01445,0.5
T10317,0.5
T10771,0.5
T13743,0.5
T08104,0.5
T11599,0.5
T16454,0.5
T18707,0.5
T08431,0.5
T19623,0.5
T17309,0.5
T14928,0.5
T09189,0.5
T14226,0.5
T20071,0.5
T18607,0.5
T07968,0.5
T17689,0.5
T09553,0.5
T14889,0.5
T16753,0.5
T06555,0.5
T05369,0.5
T02283,0.5
T20290,0.5
T01341,0.5
T15529,0.5
T08835,0.5
T14445,0.5
T07317,0.5
T01388,0.5
T03901,0.5
T18351,0.5
T08942,0.5
T06974,0.5
T08189,0.5
T13643,0.5
T18835,0.5
T02032,0.5
T05241,0.5
T15361,0.5
T17287,0.5
T08997,0.5
T02856,0.5
T15976,0.5
T09151,0.5
T01307,0.5
T05833,0.5
T14214,0.5
T04156,0.5
T18199,0.5
T02318,0.5
T16554,0.5
T05342,0.5
T19119,0.5
T08293,0.5
T03606,0.5
T11525,0.5
T19083,0.5
T13194,0.5
T13080,0.5
T07364,0.5
T13351,0.5
T00609,0.5
T13982,0.5
T09040,0.5
T11008,0.5
T06109,0.5
T03972,0.5
T19243,0.5
T13629,0.5
T08568,0.5
T18867,0.5
T15166,0.5
