episode_id,pilot_variant_id,position,wt_aa,mut_aa,mutation,local_window,is_stabilizing,n_replicates,assay_sd,qc_status,interpretation,note,measured_ddg,inferred_region
EPISODE_001,PILOT_EPISODE_001_001,11,Q,A,Q11A,DLLKGLD[Q]EQANEVI,True,1,0.045005,pass,stabilizing,historical_pilot_not_queryable_variant,-0.320348,N_terminal_quarter
EPISODE_001,PILOT_EPISODE_001_002,11,Q,L,Q11L,DLLKGLD[Q]EQANEVI,True,1,0.032421,pass,stabilizing,historical_pilot_not_queryable_variant,-0.868964,N_terminal_quarter
EPISODE_001,PILOT_EPISODE_001_003,11,Q,V,Q11V,DLLKGLD[Q]EQANEVI,True,1,0.042974,pass,near_neutral,historical_pilot_not_queryable_variant,-0.006989,N_terminal_quarter
EPISODE_001,PILOT_EPISODE_001_004,11,Q,I,Q11I,DLLKGLD[Q]EQANEVI,True,1,0.062794,pass,stabilizing,historical_pilot_not_queryable_variant,-0.372061,N_terminal_quarter
EPISODE_001,PILOT_EPISODE_001_005,11,Q,F,Q11F,DLLKGLD[Q]EQANEVI,True,1,0.144252,pass,stabilizing,historical_pilot_not_queryable_variant,-0.373838,N_terminal_quarter
EPISODE_001,PILOT_EPISODE_001_006,12,E,A,E12A,LLKGLDQ[E]QANEVIA,True,1,0.045585,pass,near_neutral,historical_pilot_not_queryable_variant,-0.091412,N_terminal_quarter
EPISODE_001,PILOT_EPISODE_001_007,12,E,L,E12L,LLKGLDQ[E]QANEVIA,False,1,0.082778,pass,destabilizing,historical_pilot_not_queryable_variant,0.201226,N_terminal_quarter
EPISODE_001,PILOT_EPISODE_001_008,12,E,V,E12V,LLKGLDQ[E]QANEVIA,False,1,0.045893,pass,destabilizing,historical_pilot_not_queryable_variant,0.228243,N_terminal_quarter
EPISODE_001,PILOT_EPISODE_001_009,12,E,I,E12I,LLKGLDQ[E]QANEVIA,False,1,0.030939,pass,destabilizing,historical_pilot_not_queryable_variant,0.246578,N_terminal_quarter
EPISODE_001,PILOT_EPISODE_001_010,12,E,F,E12F,LLKGLDQ[E]QANEVIA,True,1,0.052895,pass,near_neutral,historical_pilot_not_queryable_variant,-0.013879,N_terminal_quarter
EPISODE_001,PILOT_EPISODE_001_011,13,Q,A,Q13A,LKGLDQE[Q]ANEVIAV,False,1,0.062318,pass,near_neutral,historical_pilot_not_queryable_variant,0.009381,N_terminal_quarter
EPISODE_001,PILOT_EPISODE_001_012,13,Q,L,Q13L,LKGLDQE[Q]ANEVIAV,False,1,0.044733,pass,destabilizing,historical_pilot_not_queryable_variant,0.543752,N_terminal_quarter
EPISODE_001,PILOT_EPISODE_001_013,13,Q,V,Q13V,LKGLDQE[Q]ANEVIAV,False,1,0.034878,pass,destabilizing,historical_pilot_not_queryable_variant,0.672792,N_terminal_quarter
EPISODE_001,PILOT_EPISODE_001_014,13,Q,I,Q13I,LKGLDQE[Q]ANEVIAV,False,1,0.061978,pass,destabilizing,historical_pilot_not_queryable_variant,0.826143,N_terminal_quarter
EPISODE_001,PILOT_EPISODE_001_015,13,Q,F,Q13F,LKGLDQE[Q]ANEVIAV,False,1,0.035579,pass,destabilizing,historical_pilot_not_queryable_variant,0.542338,N_terminal_quarter
EPISODE_001,PILOT_EPISODE_001_016,31,I,A,I31A,HNIEANK[I]DSGKLGY,False,1,0.033537,pass,destabilizing,historical_pilot_not_queryable_variant,1.378774,middle_right
EPISODE_001,PILOT_EPISODE_001_017,31,I,L,I31L,HNIEANK[I]DSGKLGY,False,1,0.064931,pass,destabilizing,historical_pilot_not_queryable_variant,0.699391,middle_right
EPISODE_001,PILOT_EPISODE_001_018,31,I,V,I31V,HNIEANK[I]DSGKLGY,False,1,0.056624,pass,near_neutral,historical_pilot_not_queryable_variant,0.080149,middle_right
EPISODE_001,PILOT_EPISODE_001_019,31,I,F,I31F,HNIEANK[I]DSGKLGY,False,1,0.031495,pass,destabilizing,historical_pilot_not_queryable_variant,0.569970,middle_right
EPISODE_001,PILOT_EPISODE_001_020,31,I,Y,I31Y,HNIEANK[I]DSGKLGY,False,1,0.049060,pass,destabilizing,historical_pilot_not_queryable_variant,0.677160,middle_right
EPISODE_001,PILOT_EPISODE_001_021,33,S,A,S33A,IEANKID[S]GKLGYSI,True,1,0.093469,pass,stabilizing,historical_pilot_not_queryable_variant,-0.182648,middle_right
EPISODE_001,PILOT_EPISODE_001_022,33,S,L,S33L,IEANKID[S]GKLGYSI,True,1,0.041670,pass,stabilizing,historical_pilot_not_queryable_variant,-1.234271,middle_right
EPISODE_001,PILOT_EPISODE_001_023,33,S,V,S33V,IEANKID[S]GKLGYSI,True,1,0.054816,pass,near_neutral,historical_pilot_not_queryable_variant,-0.019183,middle_right
EPISODE_001,PILOT_EPISODE_001_024,33,S,I,S33I,IEANKID[S]GKLGYSI,False,1,0.070663,pass,destabilizing,historical_pilot_not_queryable_variant,0.440215,middle_right
EPISODE_001,PILOT_EPISODE_001_025,33,S,F,S33F,IEANKID[S]GKLGYSI,True,1,0.060848,pass,stabilizing,historical_pilot_not_queryable_variant,-0.818060,middle_right
EPISODE_001,PILOT_EPISODE_001_026,36,L,A,L36A,NKIDSGK[L]GYSITVA,True,1,0.043286,pass,stabilizing,historical_pilot_not_queryable_variant,-0.101936,middle_right
EPISODE_001,PILOT_EPISODE_001_027,36,L,V,L36V,NKIDSGK[L]GYSITVA,False,1,0.041508,pass,destabilizing,historical_pilot_not_queryable_variant,0.835547,middle_right
EPISODE_001,PILOT_EPISODE_001_028,36,L,I,L36I,NKIDSGK[L]GYSITVA,False,1,0.033751,pass,destabilizing,historical_pilot_not_queryable_variant,0.799472,middle_right
EPISODE_001,PILOT_EPISODE_001_029,36,L,F,L36F,NKIDSGK[L]GYSITVA,True,1,0.037232,pass,stabilizing,historical_pilot_not_queryable_variant,-0.232336,middle_right
EPISODE_001,PILOT_EPISODE_001_030,36,L,Y,L36Y,NKIDSGK[L]GYSITVA,True,1,0.041878,pass,stabilizing,historical_pilot_not_queryable_variant,-0.263317,middle_right
EPISODE_001,PILOT_EPISODE_001_031,37,G,A,G37A,KIDSGKL[G]YSITVAE,False,1,0.064678,pass,destabilizing,historical_pilot_not_queryable_variant,1.280987,middle_right
EPISODE_001,PILOT_EPISODE_001_032,37,G,L,G37L,KIDSGKL[G]YSITVAE,False,1,0.044915,pass,destabilizing,historical_pilot_not_queryable_variant,0.348203,middle_right
EPISODE_001,PILOT_EPISODE_001_033,37,G,V,G37V,KIDSGKL[G]YSITVAE,False,1,0.072833,pass,destabilizing,historical_pilot_not_queryable_variant,0.360467,middle_right
EPISODE_001,PILOT_EPISODE_001_034,37,G,I,G37I,KIDSGKL[G]YSITVAE,False,1,0.031702,pass,destabilizing,historical_pilot_not_queryable_variant,0.946914,middle_right
EPISODE_001,PILOT_EPISODE_001_035,37,G,F,G37F,KIDSGKL[G]YSITVAE,False,1,0.070233,pass,destabilizing,historical_pilot_not_queryable_variant,0.966942,middle_right
EPISODE_001,PILOT_EPISODE_001_036,47,F,A,F47A,ITVAEPD[F]TAAVYWI,False,1,0.041529,pass,destabilizing,historical_pilot_not_queryable_variant,2.026139,C_terminal_quarter
EPISODE_001,PILOT_EPISODE_001_037,47,F,L,F47L,ITVAEPD[F]TAAVYWI,False,1,0.048445,pass,destabilizing,historical_pilot_not_queryable_variant,1.017419,C_terminal_quarter
EPISODE_001,PILOT_EPISODE_001_038,47,F,V,F47V,ITVAEPD[F]TAAVYWI,False,1,0.040238,pass,destabilizing,historical_pilot_not_queryable_variant,1.264963,C_terminal_quarter
EPISODE_001,PILOT_EPISODE_001_039,47,F,I,F47I,ITVAEPD[F]TAAVYWI,False,1,0.048785,pass,destabilizing,historical_pilot_not_queryable_variant,1.130568,C_terminal_quarter
EPISODE_001,PILOT_EPISODE_001_040,47,F,Y,F47Y,ITVAEPD[F]TAAVYWI,True,1,0.069280,pass,stabilizing,historical_pilot_not_queryable_variant,-0.256786,C_terminal_quarter
EPISODE_002,PILOT_EPISODE_002_001,6,H,A,H6A,VFVDD[H]LLEKVLE,True,1,0.047955,pass,stabilizing,historical_pilot_not_queryable_variant,-0.140754,N_terminal_quarter
EPISODE_002,PILOT_EPISODE_002_002,6,H,L,H6L,VFVDD[H]LLEKVLE,True,1,0.046594,pass,stabilizing,historical_pilot_not_queryable_variant,-0.155570,N_terminal_quarter
EPISODE_002,PILOT_EPISODE_002_003,6,H,V,H6V,VFVDD[H]LLEKVLE,True,1,0.062875,pass,stabilizing,historical_pilot_not_queryable_variant,-0.272934,N_terminal_quarter
EPISODE_002,PILOT_EPISODE_002_004,6,H,I,H6I,VFVDD[H]LLEKVLE,True,1,0.033614,pass,stabilizing,historical_pilot_not_queryable_variant,-0.191629,N_terminal_quarter
EPISODE_002,PILOT_EPISODE_002_005,6,H,F,H6F,VFVDD[H]LLEKVLE,True,1,0.042119,pass,stabilizing,historical_pilot_not_queryable_variant,-0.131766,N_terminal_quarter
EPISODE_002,PILOT_EPISODE_002_006,16,A,L,A16L,EKVLELN[A]KGEKRLI,False,1,0.034544,pass,destabilizing,historical_pilot_not_queryable_variant,0.115770,N_terminal_quarter
EPISODE_002,PILOT_EPISODE_002_007,16,A,V,A16V,EKVLELN[A]KGEKRLI,False,1,0.051975,pass,destabilizing,historical_pilot_not_queryable_variant,0.463705,N_terminal_quarter
EPISODE_002,PILOT_EPISODE_002_008,16,A,I,A16I,EKVLELN[A]KGEKRLI,False,1,0.036531,pass,destabilizing,historical_pilot_not_queryable_variant,0.323853,N_terminal_quarter
EPISODE_002,PILOT_EPISODE_002_009,16,A,F,A16F,EKVLELN[A]KGEKRLI,False,1,0.042917,pass,destabilizing,historical_pilot_not_queryable_variant,0.387527,N_terminal_quarter
EPISODE_002,PILOT_EPISODE_002_010,16,A,Y,A16Y,EKVLELN[A]KGEKRLI,False,1,0.032961,pass,destabilizing,historical_pilot_not_queryable_variant,0.424422,N_terminal_quarter
EPISODE_002,PILOT_EPISODE_002_011,23,I,A,I23A,AKGEKRL[I]KTWSRRS,False,1,0.047108,pass,destabilizing,historical_pilot_not_queryable_variant,1.981087,middle_left
EPISODE_002,PILOT_EPISODE_002_012,23,I,L,I23L,AKGEKRL[I]KTWSRRS,False,1,0.033906,pass,destabilizing,historical_pilot_not_queryable_variant,0.320750,middle_left
EPISODE_002,PILOT_EPISODE_002_013,23,I,V,I23V,AKGEKRL[I]KTWSRRS,False,1,0.071224,pass,destabilizing,historical_pilot_not_queryable_variant,0.276079,middle_left
EPISODE_002,PILOT_EPISODE_002_014,23,I,F,I23F,AKGEKRL[I]KTWSRRS,False,1,0.067891,pass,destabilizing,historical_pilot_not_queryable_variant,1.193809,middle_left
EPISODE_002,PILOT_EPISODE_002_015,23,I,Y,I23Y,AKGEKRL[I]KTWSRRS,False,1,0.071237,pass,destabilizing,historical_pilot_not_queryable_variant,1.811996,middle_left
EPISODE_002,PILOT_EPISODE_002_016,24,K,A,K24A,KGEKRLI[K]TWSRRST,False,1,0.057764,pass,destabilizing,historical_pilot_not_queryable_variant,0.457175,middle_left
EPISODE_002,PILOT_EPISODE_002_017,24,K,L,K24L,KGEKRLI[K]TWSRRST,False,1,0.054660,pass,near_neutral,historical_pilot_not_queryable_variant,0.054489,middle_left
EPISODE_002,PILOT_EPISODE_002_018,24,K,V,K24V,KGEKRLI[K]TWSRRST,True,1,0.069779,pass,stabilizing,historical_pilot_not_queryable_variant,-0.102021,middle_left
EPISODE_002,PILOT_EPISODE_002_019,24,K,I,K24I,KGEKRLI[K]TWSRRST,False,1,0.036301,pass,near_neutral,historical_pilot_not_queryable_variant,0.054939,middle_left
EPISODE_002,PILOT_EPISODE_002_020,24,K,F,K24F,KGEKRLI[K]TWSRRST,True,1,0.086868,pass,stabilizing,historical_pilot_not_queryable_variant,-0.426248,middle_left
EPISODE_002,PILOT_EPISODE_002_021,38,G,A,G38A,TIVPEMV[G]HTIAVYN,False,1,0.033187,pass,destabilizing,historical_pilot_not_queryable_variant,0.225429,middle_right
EPISODE_002,PILOT_EPISODE_002_022,38,G,L,G38L,TIVPEMV[G]HTIAVYN,False,1,0.063721,pass,destabilizing,historical_pilot_not_queryable_variant,0.379885,middle_right
EPISODE_002,PILOT_EPISODE_002_023,38,G,V,G38V,TIVPEMV[G]HTIAVYN,False,1,0.037027,pass,destabilizing,historical_pilot_not_queryable_variant,2.519154,middle_right
EPISODE_002,PILOT_EPISODE_002_024,38,G,I,G38I,TIVPEMV[G]HTIAVYN,False,1,0.056649,pass,destabilizing,historical_pilot_not_queryable_variant,2.665340,middle_right
EPISODE_002,PILOT_EPISODE_002_025,38,G,F,G38F,TIVPEMV[G]HTIAVYN,False,1,0.047157,pass,destabilizing,historical_pilot_not_queryable_variant,0.192701,middle_right
EPISODE_002,PILOT_EPISODE_002_026,45,N,A,N45A,GHTIAVY[N]GKQHVPV,False,1,0.053188,pass,destabilizing,historical_pilot_not_queryable_variant,0.354820,middle_right
EPISODE_002,PILOT_EPISODE_002_027,45,N,L,N45L,GHTIAVY[N]GKQHVPV,False,1,0.035016,pass,destabilizing,historical_pilot_not_queryable_variant,0.581204,middle_right
EPISODE_002,PILOT_EPISODE_002_028,45,N,V,N45V,GHTIAVY[N]GKQHVPV,False,1,0.047300,pass,destabilizing,historical_pilot_not_queryable_variant,0.665704,middle_right
EPISODE_002,PILOT_EPISODE_002_029,45,N,I,N45I,GHTIAVY[N]GKQHVPV,False,1,0.030694,pass,destabilizing,historical_pilot_not_queryable_variant,0.613341,middle_right
EPISODE_002,PILOT_EPISODE_002_030,45,N,F,N45F,GHTIAVY[N]GKQHVPV,False,1,0.034746,pass,destabilizing,historical_pilot_not_queryable_variant,0.238151,middle_right
EPISODE_002,PILOT_EPISODE_002_031,48,Q,A,Q48A,IAVYNGK[Q]HVPVYIT,False,1,0.029232,pass,near_neutral,historical_pilot_not_queryable_variant,0.057925,middle_right
EPISODE_002,PILOT_EPISODE_002_032,48,Q,L,Q48L,IAVYNGK[Q]HVPVYIT,False,1,0.060478,pass,destabilizing,historical_pilot_not_queryable_variant,0.105311,middle_right
EPISODE_002,PILOT_EPISODE_002_033,48,Q,V,Q48V,IAVYNGK[Q]HVPVYIT,False,1,0.041398,pass,near_neutral,historical_pilot_not_queryable_variant,0.007891,middle_right
EPISODE_002,PILOT_EPISODE_002_034,48,Q,I,Q48I,IAVYNGK[Q]HVPVYIT,False,1,0.050500,pass,destabilizing,historical_pilot_not_queryable_variant,0.112372,middle_right
EPISODE_002,PILOT_EPISODE_002_035,48,Q,F,Q48F,IAVYNGK[Q]HVPVYIT,False,1,0.041977,pass,near_neutral,historical_pilot_not_queryable_variant,0.003251,middle_right
EPISODE_002,PILOT_EPISODE_002_036,57,N,A,N57A,VPVYITE[N]MVGHKLG,False,1,0.059111,pass,near_neutral,historical_pilot_not_queryable_variant,0.026920,C_terminal_quarter
EPISODE_002,PILOT_EPISODE_002_037,57,N,L,N57L,VPVYITE[N]MVGHKLG,True,1,0.052539,pass,near_neutral,historical_pilot_not_queryable_variant,-0.015702,C_terminal_quarter
EPISODE_002,PILOT_EPISODE_002_038,57,N,V,N57V,VPVYITE[N]MVGHKLG,True,1,0.043653,pass,near_neutral,historical_pilot_not_queryable_variant,-0.033061,C_terminal_quarter
EPISODE_002,PILOT_EPISODE_002_039,57,N,I,N57I,VPVYITE[N]MVGHKLG,False,1,0.048424,pass,destabilizing,historical_pilot_not_queryable_variant,0.327775,C_terminal_quarter
EPISODE_002,PILOT_EPISODE_002_040,57,N,F,N57F,VPVYITE[N]MVGHKLG,False,1,0.061023,pass,near_neutral,historical_pilot_not_queryable_variant,0.095021,C_terminal_quarter
EPISODE_003,PILOT_EPISODE_003_001,6,F,A,F6A,ELREA[F]RLYDKEG,False,1,0.052671,pass,destabilizing,historical_pilot_not_queryable_variant,1.524360,N_terminal_quarter
EPISODE_003,PILOT_EPISODE_003_002,6,F,L,F6L,ELREA[F]RLYDKEG,False,1,0.066622,pass,destabilizing,historical_pilot_not_queryable_variant,1.350841,N_terminal_quarter
EPISODE_003,PILOT_EPISODE_003_003,6,F,V,F6V,ELREA[F]RLYDKEG,False,1,0.062231,pass,destabilizing,historical_pilot_not_queryable_variant,1.311705,N_terminal_quarter
EPISODE_003,PILOT_EPISODE_003_004,6,F,I,F6I,ELREA[F]RLYDKEG,False,1,0.056635,pass,destabilizing,historical_pilot_not_queryable_variant,1.217236,N_terminal_quarter
EPISODE_003,PILOT_EPISODE_003_005,6,F,Y,F6Y,ELREA[F]RLYDKEG,False,1,0.035932,pass,destabilizing,historical_pilot_not_queryable_variant,1.254418,N_terminal_quarter
EPISODE_003,PILOT_EPISODE_003_006,13,G,A,G13A,FRLYDKE[G]NGYISTD,False,1,0.036755,pass,destabilizing,historical_pilot_not_queryable_variant,0.785798,N_terminal_quarter
EPISODE_003,PILOT_EPISODE_003_007,13,G,L,G13L,FRLYDKE[G]NGYISTD,False,1,0.045902,pass,destabilizing,historical_pilot_not_queryable_variant,0.727357,N_terminal_quarter
EPISODE_003,PILOT_EPISODE_003_008,13,G,V,G13V,FRLYDKE[G]NGYISTD,False,1,0.037398,pass,destabilizing,historical_pilot_not_queryable_variant,1.048251,N_terminal_quarter
EPISODE_003,PILOT_EPISODE_003_009,13,G,I,G13I,FRLYDKE[G]NGYISTD,False,1,0.056680,pass,destabilizing,historical_pilot_not_queryable_variant,1.302033,N_terminal_quarter
EPISODE_003,PILOT_EPISODE_003_010,13,G,F,G13F,FRLYDKE[G]NGYISTD,False,1,0.038103,pass,destabilizing,historical_pilot_not_queryable_variant,0.908694,N_terminal_quarter
EPISODE_003,PILOT_EPISODE_003_011,19,T,A,T19A,EGNGYIS[T]DVMREIL,False,1,0.055976,pass,destabilizing,historical_pilot_not_queryable_variant,0.515197,middle_left
EPISODE_003,PILOT_EPISODE_003_012,19,T,L,T19L,EGNGYIS[T]DVMREIL,True,1,0.031739,pass,stabilizing,historical_pilot_not_queryable_variant,-0.430931,middle_left
EPISODE_003,PILOT_EPISODE_003_013,19,T,V,T19V,EGNGYIS[T]DVMREIL,True,1,0.056826,pass,stabilizing,historical_pilot_not_queryable_variant,-0.198418,middle_left
EPISODE_003,PILOT_EPISODE_003_014,19,T,I,T19I,EGNGYIS[T]DVMREIL,True,1,0.049298,pass,stabilizing,historical_pilot_not_queryable_variant,-0.446008,middle_left
EPISODE_003,PILOT_EPISODE_003_015,19,T,F,T19F,EGNGYIS[T]DVMREIL,True,1,0.050259,pass,stabilizing,historical_pilot_not_queryable_variant,-0.337348,middle_left
EPISODE_003,PILOT_EPISODE_003_016,39,D,A,D39A,TLSSEDL[D]AMIDEID,False,1,0.035694,pass,destabilizing,historical_pilot_not_queryable_variant,0.357764,middle_right
EPISODE_003,PILOT_EPISODE_003_017,39,D,L,D39L,TLSSEDL[D]AMIDEID,False,1,0.038718,pass,destabilizing,historical_pilot_not_queryable_variant,0.542004,middle_right
EPISODE_003,PILOT_EPISODE_003_018,39,D,V,D39V,TLSSEDL[D]AMIDEID,False,1,0.047295,pass,destabilizing,historical_pilot_not_queryable_variant,0.844034,middle_right
EPISODE_003,PILOT_EPISODE_003_019,39,D,I,D39I,TLSSEDL[D]AMIDEID,False,1,0.046714,pass,destabilizing,historical_pilot_not_queryable_variant,0.510237,middle_right
EPISODE_003,PILOT_EPISODE_003_020,39,D,F,D39F,TLSSEDL[D]AMIDEID,False,1,0.062339,pass,destabilizing,historical_pilot_not_queryable_variant,0.692032,middle_right
EPISODE_003,PILOT_EPISODE_003_021,42,I,A,I42A,SEDLDAM[I]DEIDADG,False,1,0.046575,pass,destabilizing,historical_pilot_not_queryable_variant,2.070849,middle_right
EPISODE_003,PILOT_EPISODE_003_022,42,I,L,I42L,SEDLDAM[I]DEIDADG,False,1,0.033421,pass,destabilizing,historical_pilot_not_queryable_variant,0.106571,middle_right
EPISODE_003,PILOT_EPISODE_003_023,42,I,V,I42V,SEDLDAM[I]DEIDADG,False,1,0.032136,pass,destabilizing,historical_pilot_not_queryable_variant,0.498306,middle_right
EPISODE_003,PILOT_EPISODE_003_024,42,I,F,I42F,SEDLDAM[I]DEIDADG,False,1,0.040813,pass,destabilizing,historical_pilot_not_queryable_variant,0.761947,middle_right
EPISODE_003,PILOT_EPISODE_003_025,42,I,Y,I42Y,SEDLDAM[I]DEIDADG,False,1,0.028801,pass,destabilizing,historical_pilot_not_queryable_variant,1.934379,middle_right
EPISODE_003,PILOT_EPISODE_003_026,47,A,L,A47L,AMIDEID[A]DGSGTVD,False,1,0.032921,pass,near_neutral,historical_pilot_not_queryable_variant,0.055417,middle_right
EPISODE_003,PILOT_EPISODE_003_027,47,A,V,A47V,AMIDEID[A]DGSGTVD,True,1,0.032194,pass,near_neutral,historical_pilot_not_queryable_variant,-0.071888,middle_right
EPISODE_003,PILOT_EPISODE_003_028,47,A,I,A47I,AMIDEID[A]DGSGTVD,True,1,0.062470,pass,near_neutral,historical_pilot_not_queryable_variant,-0.016719,middle_right
EPISODE_003,PILOT_EPISODE_003_029,47,A,F,A47F,AMIDEID[A]DGSGTVD,False,1,0.032311,pass,destabilizing,historical_pilot_not_queryable_variant,0.154477,middle_right
EPISODE_003,PILOT_EPISODE_003_030,47,A,Y,A47Y,AMIDEID[A]DGSGTVD,False,1,0.038247,pass,destabilizing,historical_pilot_not_queryable_variant,0.222162,middle_right
EPISODE_003,PILOT_EPISODE_003_031,50,S,A,S50A,DEIDADG[S]GTVDFEE,False,1,0.036485,pass,destabilizing,historical_pilot_not_queryable_variant,0.727247,C_terminal_quarter
EPISODE_003,PILOT_EPISODE_003_032,50,S,L,S50L,DEIDADG[S]GTVDFEE,False,1,0.063252,pass,destabilizing,historical_pilot_not_queryable_variant,0.622539,C_terminal_quarter
EPISODE_003,PILOT_EPISODE_003_033,50,S,V,S50V,DEIDADG[S]GTVDFEE,False,1,0.043969,pass,destabilizing,historical_pilot_not_queryable_variant,0.658212,C_terminal_quarter
EPISODE_003,PILOT_EPISODE_003_034,50,S,I,S50I,DEIDADG[S]GTVDFEE,False,1,0.044586,pass,destabilizing,historical_pilot_not_queryable_variant,0.698004,C_terminal_quarter
EPISODE_003,PILOT_EPISODE_003_035,50,S,F,S50F,DEIDADG[S]GTVDFEE,False,1,0.043585,pass,destabilizing,historical_pilot_not_queryable_variant,0.849545,C_terminal_quarter
EPISODE_003,PILOT_EPISODE_003_036,54,D,A,D54A,ADGSGTV[D]FEEFMGV,False,1,0.058768,pass,near_neutral,historical_pilot_not_queryable_variant,0.055364,C_terminal_quarter
EPISODE_003,PILOT_EPISODE_003_037,54,D,L,D54L,ADGSGTV[D]FEEFMGV,False,1,0.050539,pass,destabilizing,historical_pilot_not_queryable_variant,0.410992,C_terminal_quarter
EPISODE_003,PILOT_EPISODE_003_038,54,D,V,D54V,ADGSGTV[D]FEEFMGV,False,1,0.066443,pass,destabilizing,historical_pilot_not_queryable_variant,0.459113,C_terminal_quarter
EPISODE_003,PILOT_EPISODE_003_039,54,D,I,D54I,ADGSGTV[D]FEEFMGV,False,1,0.032590,pass,destabilizing,historical_pilot_not_queryable_variant,0.574034,C_terminal_quarter
EPISODE_003,PILOT_EPISODE_003_040,54,D,F,D54F,ADGSGTV[D]FEEFMGV,False,1,0.068055,pass,near_neutral,historical_pilot_not_queryable_variant,0.053628,C_terminal_quarter
EPISODE_004,PILOT_EPISODE_004_001,5,A,L,A5L,TIDD[A]FRAIERA,False,1,0.084598,pass,destabilizing,historical_pilot_not_queryable_variant,0.317208,N_terminal_quarter
EPISODE_004,PILOT_EPISODE_004_002,5,A,V,A5V,TIDD[A]FRAIERA,False,1,0.071081,pass,destabilizing,historical_pilot_not_queryable_variant,0.359979,N_terminal_quarter
EPISODE_004,PILOT_EPISODE_004_003,5,A,I,A5I,TIDD[A]FRAIERA,True,1,0.097226,pass,near_neutral,historical_pilot_not_queryable_variant,-0.046923,N_terminal_quarter
EPISODE_004,PILOT_EPISODE_004_004,5,A,F,A5F,TIDD[A]FRAIERA,False,1,0.058553,pass,destabilizing,historical_pilot_not_queryable_variant,0.129317,N_terminal_quarter
EPISODE_004,PILOT_EPISODE_004_005,5,A,Y,A5Y,TIDD[A]FRAIERA,False,1,0.085681,pass,destabilizing,historical_pilot_not_queryable_variant,0.589936,N_terminal_quarter
EPISODE_004,PILOT_EPISODE_004_006,6,F,A,F6A,TIDDA[F]RAIERAI,False,1,0.066785,pass,destabilizing,historical_pilot_not_queryable_variant,0.999640,N_terminal_quarter
EPISODE_004,PILOT_EPISODE_004_007,6,F,L,F6L,TIDDA[F]RAIERAI,False,1,0.052320,pass,destabilizing,historical_pilot_not_queryable_variant,0.221430,N_terminal_quarter
EPISODE_004,PILOT_EPISODE_004_008,6,F,V,F6V,TIDDA[F]RAIERAI,False,1,0.091994,pass,destabilizing,historical_pilot_not_queryable_variant,0.509726,N_terminal_quarter
EPISODE_004,PILOT_EPISODE_004_009,6,F,I,F6I,TIDDA[F]RAIERAI,False,1,0.052877,pass,destabilizing,historical_pilot_not_queryable_variant,0.199708,N_terminal_quarter
EPISODE_004,PILOT_EPISODE_004_010,6,F,Y,F6Y,TIDDA[F]RAIERAI,False,1,0.055688,pass,near_neutral,historical_pilot_not_queryable_variant,0.052377,N_terminal_quarter
EPISODE_004,PILOT_EPISODE_004_011,27,H,A,H27A,RYREALK[H]FLDGGEM,False,1,0.072795,pass,destabilizing,historical_pilot_not_queryable_variant,0.453340,middle_left
EPISODE_004,PILOT_EPISODE_004_012,27,H,L,H27L,RYREALK[H]FLDGGEM,True,1,0.123473,pass,stabilizing,historical_pilot_not_queryable_variant,-1.007221,middle_left
EPISODE_004,PILOT_EPISODE_004_013,27,H,V,H27V,RYREALK[H]FLDGGEM,False,1,0.067057,pass,destabilizing,historical_pilot_not_queryable_variant,0.999219,middle_left
EPISODE_004,PILOT_EPISODE_004_014,27,H,I,H27I,RYREALK[H]FLDGGEM,False,1,0.055613,pass,destabilizing,historical_pilot_not_queryable_variant,0.616351,middle_left
EPISODE_004,PILOT_EPISODE_004_015,27,H,F,H27F,RYREALK[H]FLDGGEM,True,1,0.078732,pass,stabilizing,historical_pilot_not_queryable_variant,-0.386330,middle_left
EPISODE_004,PILOT_EPISODE_004_016,39,A,L,A39L,GEMIVTA[A]EKEASQK,False,1,0.113862,pass,near_neutral,historical_pilot_not_queryable_variant,0.052262,middle_right
EPISODE_004,PILOT_EPISODE_004_017,39,A,V,A39V,GEMIVTA[A]EKEASQK,False,1,0.160944,pass,near_neutral,historical_pilot_not_queryable_variant,0.080473,middle_right
EPISODE_004,PILOT_EPISODE_004_018,39,A,I,A39I,GEMIVTA[A]EKEASQK,False,1,0.057543,pass,destabilizing,historical_pilot_not_queryable_variant,0.163199,middle_right
EPISODE_004,PILOT_EPISODE_004_019,39,A,F,A39F,GEMIVTA[A]EKEASQK,False,1,0.083291,pass,destabilizing,historical_pilot_not_queryable_variant,0.177814,middle_right
EPISODE_004,PILOT_EPISODE_004_020,39,A,Y,A39Y,GEMIVTA[A]EKEASQK,False,1,0.091683,pass,destabilizing,historical_pilot_not_queryable_variant,0.424784,middle_right
EPISODE_004,PILOT_EPISODE_004_021,41,K,A,K41A,MIVTAAE[K]EASQKVR,False,1,0.052133,pass,destabilizing,historical_pilot_not_queryable_variant,0.146061,middle_right
EPISODE_004,PILOT_EPISODE_004_022,41,K,L,K41L,MIVTAAE[K]EASQKVR,False,1,0.098682,pass,destabilizing,historical_pilot_not_queryable_variant,0.227112,middle_right
EPISODE_004,PILOT_EPISODE_004_023,41,K,V,K41V,MIVTAAE[K]EASQKVR,False,1,0.073424,pass,destabilizing,historical_pilot_not_queryable_variant,0.622311,middle_right
EPISODE_004,PILOT_EPISODE_004_024,41,K,I,K41I,MIVTAAE[K]EASQKVR,False,1,0.055645,pass,destabilizing,historical_pilot_not_queryable_variant,0.428916,middle_right
EPISODE_004,PILOT_EPISODE_004_025,41,K,F,K41F,MIVTAAE[K]EASQKVR,False,1,0.063227,pass,destabilizing,historical_pilot_not_queryable_variant,0.118554,middle_right
EPISODE_004,PILOT_EPISODE_004_026,43,A,L,A43L,VTAAEKE[A]SQKVRNL,True,1,0.060650,pass,stabilizing,historical_pilot_not_queryable_variant,-0.201153,middle_right
EPISODE_004,PILOT_EPISODE_004_027,43,A,V,A43V,VTAAEKE[A]SQKVRNL,True,1,0.052789,pass,stabilizing,historical_pilot_not_queryable_variant,-0.227100,middle_right
EPISODE_004,PILOT_EPISODE_004_028,43,A,I,A43I,VTAAEKE[A]SQKVRNL,True,1,0.142177,pass,stabilizing,historical_pilot_not_queryable_variant,-0.382223,middle_right
EPISODE_004,PILOT_EPISODE_004_029,43,A,F,A43F,VTAAEKE[A]SQKVRNL,True,1,0.111495,pass,near_neutral,historical_pilot_not_queryable_variant,-0.004292,middle_right
EPISODE_004,PILOT_EPISODE_004_030,43,A,Y,A43Y,VTAAEKE[A]SQKVRNL,False,1,0.091884,pass,destabilizing,historical_pilot_not_queryable_variant,0.379254,middle_right
EPISODE_004,PILOT_EPISODE_004_031,61,W,A,W61A,KGKEVLE[W]AEHLAEW,False,1,0.078631,pass,destabilizing,historical_pilot_not_queryable_variant,0.977152,C_terminal_quarter
EPISODE_004,PILOT_EPISODE_004_032,61,W,L,W61L,KGKEVLE[W]AEHLAEW,False,1,0.125997,pass,destabilizing,historical_pilot_not_queryable_variant,0.517108,C_terminal_quarter
EPISODE_004,PILOT_EPISODE_004_033,61,W,V,W61V,KGKEVLE[W]AEHLAEW,False,1,0.098894,pass,destabilizing,historical_pilot_not_queryable_variant,1.303490,C_terminal_quarter
EPISODE_004,PILOT_EPISODE_004_034,61,W,I,W61I,KGKEVLE[W]AEHLAEW,False,1,0.133419,pass,destabilizing,historical_pilot_not_queryable_variant,0.489479,C_terminal_quarter
EPISODE_004,PILOT_EPISODE_004_035,61,W,F,W61F,KGKEVLE[W]AEHLAEW,False,1,0.067530,pass,destabilizing,historical_pilot_not_queryable_variant,0.598146,C_terminal_quarter
EPISODE_004,PILOT_EPISODE_004_036,69,I,A,I69A,AEHLAEW[I]LE,False,1,0.070380,pass,destabilizing,historical_pilot_not_queryable_variant,1.044654,C_terminal_quarter
EPISODE_004,PILOT_EPISODE_004_037,69,I,L,I69L,AEHLAEW[I]LE,True,1,0.140083,pass,near_neutral,historical_pilot_not_queryable_variant,-0.009754,C_terminal_quarter
EPISODE_004,PILOT_EPISODE_004_038,69,I,V,I69V,AEHLAEW[I]LE,False,1,0.060495,pass,destabilizing,historical_pilot_not_queryable_variant,0.639980,C_terminal_quarter
EPISODE_004,PILOT_EPISODE_004_039,69,I,F,I69F,AEHLAEW[I]LE,False,1,0.059988,pass,destabilizing,historical_pilot_not_queryable_variant,0.452037,C_terminal_quarter
EPISODE_004,PILOT_EPISODE_004_040,69,I,Y,I69Y,AEHLAEW[I]LE,False,1,0.050937,pass,destabilizing,historical_pilot_not_queryable_variant,0.596976,C_terminal_quarter
EPISODE_005,PILOT_EPISODE_005_001,4,A,L,A4L,PRE[A]YIVTIEK,True,1,0.053770,pass,stabilizing,historical_pilot_not_queryable_variant,-0.117852,N_terminal_quarter
EPISODE_005,PILOT_EPISODE_005_002,4,A,V,A4V,PRE[A]YIVTIEK,False,1,0.070066,pass,destabilizing,historical_pilot_not_queryable_variant,0.244690,N_terminal_quarter
EPISODE_005,PILOT_EPISODE_005_003,4,A,I,A4I,PRE[A]YIVTIEK,False,1,0.067960,pass,destabilizing,historical_pilot_not_queryable_variant,0.480922,N_terminal_quarter
EPISODE_005,PILOT_EPISODE_005_004,4,A,F,A4F,PRE[A]YIVTIEK,True,1,0.078620,pass,near_neutral,historical_pilot_not_queryable_variant,-0.079656,N_terminal_quarter
EPISODE_005,PILOT_EPISODE_005_005,4,A,Y,A4Y,PRE[A]YIVTIEK,True,1,0.039786,pass,stabilizing,historical_pilot_not_queryable_variant,-0.184976,N_terminal_quarter
EPISODE_005,PILOT_EPISODE_005_006,7,V,A,V7A,PREAYI[V]TIEKGKP,False,1,0.040528,pass,destabilizing,historical_pilot_not_queryable_variant,1.386509,N_terminal_quarter
EPISODE_005,PILOT_EPISODE_005_007,7,V,L,V7L,PREAYI[V]TIEKGKP,False,1,0.048559,pass,destabilizing,historical_pilot_not_queryable_variant,1.060368,N_terminal_quarter
EPISODE_005,PILOT_EPISODE_005_008,7,V,I,V7I,PREAYI[V]TIEKGKP,False,1,0.052315,pass,destabilizing,historical_pilot_not_queryable_variant,0.246233,N_terminal_quarter
EPISODE_005,PILOT_EPISODE_005_009,7,V,F,V7F,PREAYI[V]TIEKGKP,False,1,0.058432,pass,destabilizing,historical_pilot_not_queryable_variant,1.482981,N_terminal_quarter
EPISODE_005,PILOT_EPISODE_005_010,7,V,Y,V7Y,PREAYI[V]TIEKGKP,False,1,0.071019,pass,destabilizing,historical_pilot_not_queryable_variant,1.335376,N_terminal_quarter
EPISODE_005,PILOT_EPISODE_005_011,8,T,A,T8A,PREAYIV[T]IEKGKPG,False,1,0.084424,pass,destabilizing,historical_pilot_not_queryable_variant,0.131922,N_terminal_quarter
EPISODE_005,PILOT_EPISODE_005_012,8,T,L,T8L,PREAYIV[T]IEKGKPG,False,1,0.067686,pass,destabilizing,historical_pilot_not_queryable_variant,0.198816,N_terminal_quarter
EPISODE_005,PILOT_EPISODE_005_013,8,T,V,T8V,PREAYIV[T]IEKGKPG,False,1,0.057652,pass,near_neutral,historical_pilot_not_queryable_variant,0.019079,N_terminal_quarter
EPISODE_005,PILOT_EPISODE_005_014,8,T,I,T8I,PREAYIV[T]IEKGKPG,True,1,0.090049,pass,stabilizing,historical_pilot_not_queryable_variant,-0.112730,N_terminal_quarter
EPISODE_005,PILOT_EPISODE_005_015,8,T,F,T8F,PREAYIV[T]IEKGKPG,False,1,0.051562,pass,destabilizing,historical_pilot_not_queryable_variant,1.055946,N_terminal_quarter
EPISODE_005,PILOT_EPISODE_005_016,18,V,A,V18A,KGKPGQT[V]TWYQLRA,False,1,0.039812,pass,destabilizing,historical_pilot_not_queryable_variant,0.825502,middle_left
EPISODE_005,PILOT_EPISODE_005_017,18,V,L,V18L,KGKPGQT[V]TWYQLRA,False,1,0.042107,pass,destabilizing,historical_pilot_not_queryable_variant,0.703232,middle_left
EPISODE_005,PILOT_EPISODE_005_018,18,V,I,V18I,KGKPGQT[V]TWYQLRA,False,1,0.040487,pass,destabilizing,historical_pilot_not_queryable_variant,0.279957,middle_left
EPISODE_005,PILOT_EPISODE_005_019,18,V,F,V18F,KGKPGQT[V]TWYQLRA,False,1,0.087783,pass,destabilizing,historical_pilot_not_queryable_variant,0.943093,middle_left
EPISODE_005,PILOT_EPISODE_005_020,18,V,Y,V18Y,KGKPGQT[V]TWYQLRA,False,1,0.071870,pass,destabilizing,historical_pilot_not_queryable_variant,0.527262,middle_left
EPISODE_005,PILOT_EPISODE_005_021,29,K,A,K29A,QLRADHP[K]PDSLISE,False,1,0.056762,pass,destabilizing,historical_pilot_not_queryable_variant,0.295968,middle_right
EPISODE_005,PILOT_EPISODE_005_022,29,K,L,K29L,QLRADHP[K]PDSLISE,True,1,0.082023,pass,near_neutral,historical_pilot_not_queryable_variant,-0.075543,middle_right
EPISODE_005,PILOT_EPISODE_005_023,29,K,V,K29V,QLRADHP[K]PDSLISE,True,1,0.071274,pass,stabilizing,historical_pilot_not_queryable_variant,-0.137035,middle_right
EPISODE_005,PILOT_EPISODE_005_024,29,K,I,K29I,QLRADHP[K]PDSLISE,True,1,0.061474,pass,near_neutral,historical_pilot_not_queryable_variant,-0.001004,middle_right
EPISODE_005,PILOT_EPISODE_005_025,29,K,F,K29F,QLRADHP[K]PDSLISE,True,1,0.059434,pass,near_neutral,historical_pilot_not_queryable_variant,-0.073997,middle_right
EPISODE_005,PILOT_EPISODE_005_026,44,M,A,M44A,HPTAQEA[M]DAKKRYE,False,1,0.043047,pass,destabilizing,historical_pilot_not_queryable_variant,0.260736,C_terminal_quarter
EPISODE_005,PILOT_EPISODE_005_027,44,M,L,M44L,HPTAQEA[M]DAKKRYE,True,1,0.064328,pass,stabilizing,historical_pilot_not_queryable_variant,-0.166708,C_terminal_quarter
EPISODE_005,PILOT_EPISODE_005_028,44,M,V,M44V,HPTAQEA[M]DAKKRYE,False,1,0.059857,pass,destabilizing,historical_pilot_not_queryable_variant,0.551778,C_terminal_quarter
EPISODE_005,PILOT_EPISODE_005_029,44,M,I,M44I,HPTAQEA[M]DAKKRYE,False,1,0.051936,pass,destabilizing,historical_pilot_not_queryable_variant,0.151071,C_terminal_quarter
EPISODE_005,PILOT_EPISODE_005_030,44,M,F,M44F,HPTAQEA[M]DAKKRYE,False,1,0.041577,pass,destabilizing,historical_pilot_not_queryable_variant,0.129924,C_terminal_quarter
EPISODE_005,PILOT_EPISODE_005_031,45,D,A,D45A,PTAQEAM[D]AKKRYED,False,1,0.036697,pass,near_neutral,historical_pilot_not_queryable_variant,0.027995,C_terminal_quarter
EPISODE_005,PILOT_EPISODE_005_032,45,D,L,D45L,PTAQEAM[D]AKKRYED,True,1,0.038514,pass,stabilizing,historical_pilot_not_queryable_variant,-0.156706,C_terminal_quarter
EPISODE_005,PILOT_EPISODE_005_033,45,D,V,D45V,PTAQEAM[D]AKKRYED,False,1,0.052845,pass,destabilizing,historical_pilot_not_queryable_variant,0.366526,C_terminal_quarter
EPISODE_005,PILOT_EPISODE_005_034,45,D,I,D45I,PTAQEAM[D]AKKRYED,True,1,0.049566,pass,near_neutral,historical_pilot_not_queryable_variant,-0.078603,C_terminal_quarter
EPISODE_005,PILOT_EPISODE_005_035,45,D,F,D45F,PTAQEAM[D]AKKRYED,False,1,0.059560,pass,destabilizing,historical_pilot_not_queryable_variant,0.515216,C_terminal_quarter
EPISODE_005,PILOT_EPISODE_005_036,51,E,A,E51A,MDAKKRY[E]D,False,1,0.072531,pass,destabilizing,historical_pilot_not_queryable_variant,0.928268,C_terminal_quarter
EPISODE_005,PILOT_EPISODE_005_037,51,E,L,E51L,MDAKKRY[E]D,False,1,0.070308,pass,destabilizing,historical_pilot_not_queryable_variant,0.426973,C_terminal_quarter
EPISODE_005,PILOT_EPISODE_005_038,51,E,V,E51V,MDAKKRY[E]D,False,1,0.049434,pass,destabilizing,historical_pilot_not_queryable_variant,0.693121,C_terminal_quarter
EPISODE_005,PILOT_EPISODE_005_039,51,E,I,E51I,MDAKKRY[E]D,False,1,0.043730,pass,destabilizing,historical_pilot_not_queryable_variant,0.528263,C_terminal_quarter
EPISODE_005,PILOT_EPISODE_005_040,51,E,F,E51F,MDAKKRY[E]D,False,1,0.047454,pass,destabilizing,historical_pilot_not_queryable_variant,1.164183,C_terminal_quarter
EPISODE_006,PILOT_EPISODE_006_001,10,D,A,D10A,MPNRKYA[D]GEVVMGR,False,1,0.045366,pass,destabilizing,historical_pilot_not_queryable_variant,0.744289,N_terminal_quarter
EPISODE_006,PILOT_EPISODE_006_002,10,D,L,D10L,MPNRKYA[D]GEVVMGR,False,1,0.036594,pass,destabilizing,historical_pilot_not_queryable_variant,0.403848,N_terminal_quarter
EPISODE_006,PILOT_EPISODE_006_003,10,D,V,D10V,MPNRKYA[D]GEVVMGR,False,1,0.029332,pass,near_neutral,historical_pilot_not_queryable_variant,0.086270,N_terminal_quarter
EPISODE_006,PILOT_EPISODE_006_004,10,D,I,D10I,MPNRKYA[D]GEVVMGR,True,1,0.045168,pass,stabilizing,historical_pilot_not_queryable_variant,-0.133858,N_terminal_quarter
EPISODE_006,PILOT_EPISODE_006_005,10,D,F,D10F,MPNRKYA[D]GEVVMGR,False,1,0.036298,pass,destabilizing,historical_pilot_not_queryable_variant,1.240106,N_terminal_quarter
EPISODE_006,PILOT_EPISODE_006_006,11,G,A,G11A,PNRKYAD[G]EVVMGRW,False,1,0.026859,pass,destabilizing,historical_pilot_not_queryable_variant,1.417269,N_terminal_quarter
EPISODE_006,PILOT_EPISODE_006_007,11,G,L,G11L,PNRKYAD[G]EVVMGRW,False,1,0.047744,pass,destabilizing,historical_pilot_not_queryable_variant,1.118963,N_terminal_quarter
EPISODE_006,PILOT_EPISODE_006_008,11,G,V,G11V,PNRKYAD[G]EVVMGRW,False,1,0.032606,pass,destabilizing,historical_pilot_not_queryable_variant,2.476077,N_terminal_quarter
EPISODE_006,PILOT_EPISODE_006_009,11,G,I,G11I,PNRKYAD[G]EVVMGRW,False,1,0.053356,pass,destabilizing,historical_pilot_not_queryable_variant,2.322747,N_terminal_quarter
EPISODE_006,PILOT_EPISODE_006_010,11,G,F,G11F,PNRKYAD[G]EVVMGRW,False,1,0.031951,pass,destabilizing,historical_pilot_not_queryable_variant,0.881218,N_terminal_quarter
EPISODE_006,PILOT_EPISODE_006_011,23,L,A,L23A,GRWPGSV[L]YYEVQVT,False,1,0.029401,pass,destabilizing,historical_pilot_not_queryable_variant,0.258932,middle_left
EPISODE_006,PILOT_EPISODE_006_012,23,L,V,L23V,GRWPGSV[L]YYEVQVT,False,1,0.052876,pass,near_neutral,historical_pilot_not_queryable_variant,0.059149,middle_left
EPISODE_006,PILOT_EPISODE_006_013,23,L,I,L23I,GRWPGSV[L]YYEVQVT,True,1,0.025879,pass,near_neutral,historical_pilot_not_queryable_variant,-0.035500,middle_left
EPISODE_006,PILOT_EPISODE_006_014,23,L,F,L23F,GRWPGSV[L]YYEVQVT,True,1,0.048006,pass,stabilizing,historical_pilot_not_queryable_variant,-0.156573,middle_left
EPISODE_006,PILOT_EPISODE_006_015,23,L,Y,L23Y,GRWPGSV[L]YYEVQVT,False,1,0.053040,pass,near_neutral,historical_pilot_not_queryable_variant,0.060035,middle_left
EPISODE_006,PILOT_EPISODE_006_016,33,D,A,D33A,EVQVTSY[D]DASHLYT,False,1,0.038743,pass,destabilizing,historical_pilot_not_queryable_variant,1.598579,middle_right
EPISODE_006,PILOT_EPISODE_006_017,33,D,L,D33L,EVQVTSY[D]DASHLYT,False,1,0.038020,pass,destabilizing,historical_pilot_not_queryable_variant,1.360780,middle_right
EPISODE_006,PILOT_EPISODE_006_018,33,D,V,D33V,EVQVTSY[D]DASHLYT,False,1,0.028434,pass,destabilizing,historical_pilot_not_queryable_variant,1.827190,middle_right
EPISODE_006,PILOT_EPISODE_006_019,33,D,I,D33I,EVQVTSY[D]DASHLYT,False,1,0.028636,pass,destabilizing,historical_pilot_not_queryable_variant,1.491297,middle_right
EPISODE_006,PILOT_EPISODE_006_020,33,D,F,D33F,EVQVTSY[D]DASHLYT,False,1,0.042863,pass,destabilizing,historical_pilot_not_queryable_variant,2.228323,middle_right
EPISODE_006,PILOT_EPISODE_006_021,37,H,A,H37A,TSYDDAS[H]LYTVKYK,True,1,0.034362,pass,stabilizing,historical_pilot_not_queryable_variant,-0.159682,middle_right
EPISODE_006,PILOT_EPISODE_006_022,37,H,L,H37L,TSYDDAS[H]LYTVKYK,False,1,0.025664,pass,near_neutral,historical_pilot_not_queryable_variant,0.007873,middle_right
EPISODE_006,PILOT_EPISODE_006_023,37,H,V,H37V,TSYDDAS[H]LYTVKYK,False,1,0.034262,pass,destabilizing,historical_pilot_not_queryable_variant,1.511936,middle_right
EPISODE_006,PILOT_EPISODE_006_024,37,H,I,H37I,TSYDDAS[H]LYTVKYK,False,1,0.038553,pass,destabilizing,historical_pilot_not_queryable_variant,1.663077,middle_right
EPISODE_006,PILOT_EPISODE_006_025,37,H,F,H37F,TSYDDAS[H]LYTVKYK,False,1,0.027009,pass,destabilizing,historical_pilot_not_queryable_variant,0.158269,middle_right
EPISODE_006,PILOT_EPISODE_006_026,38,L,A,L38A,SYDDASH[L]YTVKYKD,False,1,0.025573,pass,destabilizing,historical_pilot_not_queryable_variant,1.006198,middle_right
EPISODE_006,PILOT_EPISODE_006_027,38,L,V,L38V,SYDDASH[L]YTVKYKD,False,1,0.042903,pass,destabilizing,historical_pilot_not_queryable_variant,0.371925,middle_right
EPISODE_006,PILOT_EPISODE_006_028,38,L,I,L38I,SYDDASH[L]YTVKYKD,False,1,0.039316,pass,destabilizing,historical_pilot_not_queryable_variant,0.201743,middle_right
EPISODE_006,PILOT_EPISODE_006_029,38,L,F,L38F,SYDDASH[L]YTVKYKD,False,1,0.032103,pass,destabilizing,historical_pilot_not_queryable_variant,0.246757,middle_right
EPISODE_006,PILOT_EPISODE_006_030,38,L,Y,L38Y,SYDDASH[L]YTVKYKD,False,1,0.028502,pass,destabilizing,historical_pilot_not_queryable_variant,0.203189,middle_right
EPISODE_006,PILOT_EPISODE_006_031,51,L,A,L51A,KDGTELA[L]KESDIRL,False,1,0.036635,pass,destabilizing,historical_pilot_not_queryable_variant,2.189194,C_terminal_quarter
EPISODE_006,PILOT_EPISODE_006_032,51,L,V,L51V,KDGTELA[L]KESDIRL,False,1,0.028565,pass,destabilizing,historical_pilot_not_queryable_variant,0.814368,C_terminal_quarter
EPISODE_006,PILOT_EPISODE_006_033,51,L,I,L51I,KDGTELA[L]KESDIRL,False,1,0.027356,pass,destabilizing,historical_pilot_not_queryable_variant,0.251165,C_terminal_quarter
EPISODE_006,PILOT_EPISODE_006_034,51,L,F,L51F,KDGTELA[L]KESDIRL,False,1,0.034481,pass,destabilizing,historical_pilot_not_queryable_variant,1.871673,C_terminal_quarter
EPISODE_006,PILOT_EPISODE_006_035,51,L,Y,L51Y,KDGTELA[L]KESDIRL,False,1,0.036027,pass,destabilizing,historical_pilot_not_queryable_variant,2.262542,C_terminal_quarter
EPISODE_006,PILOT_EPISODE_006_036,55,D,A,D55A,ELALKES[D]IRLQS,False,1,0.040297,pass,destabilizing,historical_pilot_not_queryable_variant,0.841254,C_terminal_quarter
EPISODE_006,PILOT_EPISODE_006_037,55,D,L,D55L,ELALKES[D]IRLQS,False,1,0.040287,pass,destabilizing,historical_pilot_not_queryable_variant,1.620285,C_terminal_quarter
EPISODE_006,PILOT_EPISODE_006_038,55,D,V,D55V,ELALKES[D]IRLQS,False,1,0.028350,pass,destabilizing,historical_pilot_not_queryable_variant,2.253676,C_terminal_quarter
EPISODE_006,PILOT_EPISODE_006_039,55,D,I,D55I,ELALKES[D]IRLQS,False,1,0.032173,pass,destabilizing,historical_pilot_not_queryable_variant,2.593105,C_terminal_quarter
EPISODE_006,PILOT_EPISODE_006_040,55,D,F,D55F,ELALKES[D]IRLQS,False,1,0.039075,pass,destabilizing,historical_pilot_not_queryable_variant,1.219765,C_terminal_quarter
EPISODE_007,PILOT_EPISODE_007_001,30,L,A,L30A,LEKLQEK[L]PEKYKAE,False,1,0.053894,pass,destabilizing,historical_pilot_not_queryable_variant,1.907546,middle_right
EPISODE_007,PILOT_EPISODE_007_002,30,L,V,L30V,LEKLQEK[L]PEKYKAE,False,1,0.070060,pass,destabilizing,historical_pilot_not_queryable_variant,0.612476,middle_right
EPISODE_007,PILOT_EPISODE_007_003,30,L,I,L30I,LEKLQEK[L]PEKYKAE,False,1,0.057783,pass,destabilizing,historical_pilot_not_queryable_variant,0.421924,middle_right
EPISODE_007,PILOT_EPISODE_007_004,30,L,F,L30F,LEKLQEK[L]PEKYKAE,False,1,0.113402,pass,destabilizing,historical_pilot_not_queryable_variant,3.595008,middle_right
EPISODE_007,PILOT_EPISODE_007_005,30,L,Y,L30Y,LEKLQEK[L]PEKYKAE,False,1,0.060017,pass,destabilizing,historical_pilot_not_queryable_variant,2.365126,middle_right
EPISODE_007,PILOT_EPISODE_007_006,32,E,A,E32A,KLQEKLP[E]KYKAEYK,False,1,0.073654,pass,destabilizing,historical_pilot_not_queryable_variant,0.392406,middle_right
EPISODE_007,PILOT_EPISODE_007_007,32,E,L,E32L,KLQEKLP[E]KYKAEYK,False,1,0.053107,pass,destabilizing,historical_pilot_not_queryable_variant,0.357941,middle_right
EPISODE_007,PILOT_EPISODE_007_008,32,E,V,E32V,KLQEKLP[E]KYKAEYK,False,1,0.044863,pass,destabilizing,historical_pilot_not_queryable_variant,0.556666,middle_right
EPISODE_007,PILOT_EPISODE_007_009,32,E,I,E32I,KLQEKLP[E]KYKAEYK,False,1,0.093210,pass,destabilizing,historical_pilot_not_queryable_variant,0.579537,middle_right
EPISODE_007,PILOT_EPISODE_007_010,32,E,F,E32F,KLQEKLP[E]KYKAEYK,False,1,0.067299,pass,destabilizing,historical_pilot_not_queryable_variant,0.275957,middle_right
EPISODE_007,PILOT_EPISODE_007_011,33,K,A,K33A,LQEKLPE[K]YKAEYKK,True,1,0.056677,pass,stabilizing,historical_pilot_not_queryable_variant,-0.158798,middle_right
EPISODE_007,PILOT_EPISODE_007_012,33,K,L,K33L,LQEKLPE[K]YKAEYKK,False,1,0.088378,pass,destabilizing,historical_pilot_not_queryable_variant,0.306564,middle_right
EPISODE_007,PILOT_EPISODE_007_013,33,K,V,K33V,LQEKLPE[K]YKAEYKK,False,1,0.066583,pass,destabilizing,historical_pilot_not_queryable_variant,0.436141,middle_right
EPISODE_007,PILOT_EPISODE_007_014,33,K,I,K33I,LQEKLPE[K]YKAEYKK,False,1,0.051124,pass,near_neutral,historical_pilot_not_queryable_variant,0.027739,middle_right
EPISODE_007,PILOT_EPISODE_007_015,33,K,F,K33F,LQEKLPE[K]YKAEYKK,False,1,0.053306,pass,destabilizing,historical_pilot_not_queryable_variant,0.243579,middle_right
EPISODE_007,PILOT_EPISODE_007_016,37,E,A,E37A,LPEKYKA[E]YKKKLDQ,False,1,0.050834,pass,near_neutral,historical_pilot_not_queryable_variant,0.084514,middle_right
EPISODE_007,PILOT_EPISODE_007_017,37,E,L,E37L,LPEKYKA[E]YKKKLDQ,True,1,0.079396,pass,stabilizing,historical_pilot_not_queryable_variant,-0.167241,middle_right
EPISODE_007,PILOT_EPISODE_007_018,37,E,V,E37V,LPEKYKA[E]YKKKLDQ,False,1,0.053065,pass,destabilizing,historical_pilot_not_queryable_variant,0.197372,middle_right
EPISODE_007,PILOT_EPISODE_007_019,37,E,I,E37I,LPEKYKA[E]YKKKLDQ,True,1,0.046387,pass,stabilizing,historical_pilot_not_queryable_variant,-0.163210,middle_right
EPISODE_007,PILOT_EPISODE_007_020,37,E,F,E37F,LPEKYKA[E]YKKKLDQ,True,1,0.089004,pass,stabilizing,historical_pilot_not_queryable_variant,-0.451950,middle_right
EPISODE_007,PILOT_EPISODE_007_021,38,Y,A,Y38A,PEKYKAE[Y]KKKLDQT,False,1,0.043163,pass,destabilizing,historical_pilot_not_queryable_variant,1.767821,middle_right
EPISODE_007,PILOT_EPISODE_007_022,38,Y,L,Y38L,PEKYKAE[Y]KKKLDQT,False,1,0.048456,pass,destabilizing,historical_pilot_not_queryable_variant,0.979021,middle_right
EPISODE_007,PILOT_EPISODE_007_023,38,Y,V,Y38V,PEKYKAE[Y]KKKLDQT,False,1,0.062584,pass,destabilizing,historical_pilot_not_queryable_variant,0.720316,middle_right
EPISODE_007,PILOT_EPISODE_007_024,38,Y,I,Y38I,PEKYKAE[Y]KKKLDQT,False,1,0.067359,pass,destabilizing,historical_pilot_not_queryable_variant,0.779572,middle_right
EPISODE_007,PILOT_EPISODE_007_025,38,Y,F,Y38F,PEKYKAE[Y]KKKLDQT,False,1,0.058462,pass,near_neutral,historical_pilot_not_queryable_variant,0.074944,middle_right
EPISODE_007,PILOT_EPISODE_007_026,42,L,A,L42A,KAEYKKK[L]DQTRVEL,False,1,0.045521,pass,destabilizing,historical_pilot_not_queryable_variant,2.255949,C_terminal_quarter
EPISODE_007,PILOT_EPISODE_007_027,42,L,V,L42V,KAEYKKK[L]DQTRVEL,False,1,0.076757,pass,destabilizing,historical_pilot_not_queryable_variant,2.748343,C_terminal_quarter
EPISODE_007,PILOT_EPISODE_007_028,42,L,I,L42I,KAEYKKK[L]DQTRVEL,False,1,0.168618,pass,destabilizing,historical_pilot_not_queryable_variant,4.024236,C_terminal_quarter
EPISODE_007,PILOT_EPISODE_007_029,42,L,F,L42F,KAEYKKK[L]DQTRVEL,False,1,0.057132,pass,destabilizing,historical_pilot_not_queryable_variant,2.023516,C_terminal_quarter
EPISODE_007,PILOT_EPISODE_007_030,42,L,Y,L42Y,KAEYKKK[L]DQTRVEL,False,1,0.049623,pass,destabilizing,historical_pilot_not_queryable_variant,1.967578,C_terminal_quarter
EPISODE_007,PILOT_EPISODE_007_031,45,T,A,T45A,YKKKLDQ[T]RVELADQ,True,1,0.047404,pass,stabilizing,historical_pilot_not_queryable_variant,-0.495834,C_terminal_quarter
EPISODE_007,PILOT_EPISODE_007_032,45,T,L,T45L,YKKKLDQ[T]RVELADQ,True,1,0.066333,pass,near_neutral,historical_pilot_not_queryable_variant,-0.049567,C_terminal_quarter
EPISODE_007,PILOT_EPISODE_007_033,45,T,V,T45V,YKKKLDQ[T]RVELADQ,False,1,0.061219,pass,near_neutral,historical_pilot_not_queryable_variant,0.048866,C_terminal_quarter
EPISODE_007,PILOT_EPISODE_007_034,45,T,I,T45I,YKKKLDQ[T]RVELADQ,False,1,0.083457,pass,near_neutral,historical_pilot_not_queryable_variant,0.046857,C_terminal_quarter
EPISODE_007,PILOT_EPISODE_007_035,45,T,F,T45F,YKKKLDQ[T]RVELADQ,False,1,0.051182,pass,destabilizing,historical_pilot_not_queryable_variant,0.298927,C_terminal_quarter
EPISODE_007,PILOT_EPISODE_007_036,54,K,A,K54A,VELADQV[K]S,True,1,0.048330,pass,near_neutral,historical_pilot_not_queryable_variant,-0.020576,C_terminal_quarter
EPISODE_007,PILOT_EPISODE_007_038,54,K,V,K54V,VELADQV[K]S,False,1,0.065396,pass,destabilizing,historical_pilot_not_queryable_variant,0.434631,C_terminal_quarter
EPISODE_007,PILOT_EPISODE_007_039,54,K,I,K54I,VELADQV[K]S,False,1,0.050208,pass,destabilizing,historical_pilot_not_queryable_variant,0.407162,C_terminal_quarter
EPISODE_007,PILOT_EPISODE_007_040,54,K,F,K54F,VELADQV[K]S,False,1,0.064012,pass,destabilizing,historical_pilot_not_queryable_variant,0.179573,C_terminal_quarter
EPISODE_008,PILOT_EPISODE_008_001,2,Y,A,Y2A,D[Y]EVGESVT,False,1,0.034339,pass,destabilizing,historical_pilot_not_queryable_variant,3.509623,N_terminal_quarter
EPISODE_008,PILOT_EPISODE_008_002,2,Y,L,Y2L,D[Y]EVGESVT,False,1,0.040704,pass,destabilizing,historical_pilot_not_queryable_variant,1.392111,N_terminal_quarter
EPISODE_008,PILOT_EPISODE_008_003,2,Y,V,Y2V,D[Y]EVGESVT,False,1,0.035191,pass,destabilizing,historical_pilot_not_queryable_variant,2.772868,N_terminal_quarter
EPISODE_008,PILOT_EPISODE_008_004,2,Y,I,Y2I,D[Y]EVGESVT,False,1,0.053120,pass,destabilizing,historical_pilot_not_queryable_variant,2.541979,N_terminal_quarter
EPISODE_008,PILOT_EPISODE_008_005,2,Y,F,Y2F,D[Y]EVGESVT,True,1,0.049477,pass,stabilizing,historical_pilot_not_queryable_variant,-0.337962,N_terminal_quarter
EPISODE_008,PILOT_EPISODE_008_006,4,V,A,V4A,DYE[V]GESVTVM,False,1,0.038679,pass,destabilizing,historical_pilot_not_queryable_variant,1.172271,N_terminal_quarter
EPISODE_008,PILOT_EPISODE_008_007,4,V,L,V4L,DYE[V]GESVTVM,False,1,0.060252,pass,destabilizing,historical_pilot_not_queryable_variant,0.970776,N_terminal_quarter
EPISODE_008,PILOT_EPISODE_008_008,4,V,I,V4I,DYE[V]GESVTVM,False,1,0.038431,pass,destabilizing,historical_pilot_not_queryable_variant,0.197586,N_terminal_quarter
EPISODE_008,PILOT_EPISODE_008_009,4,V,F,V4F,DYE[V]GESVTVM,False,1,0.047788,pass,destabilizing,historical_pilot_not_queryable_variant,1.883020,N_terminal_quarter
EPISODE_008,PILOT_EPISODE_008_010,4,V,Y,V4Y,DYE[V]GESVTVM,False,1,0.045000,pass,destabilizing,historical_pilot_not_queryable_variant,1.813047,N_terminal_quarter
EPISODE_008,PILOT_EPISODE_008_011,7,S,A,S7A,DYEVGE[S]VTVMDGP,True,1,0.042507,pass,near_neutral,historical_pilot_not_queryable_variant,-0.017993,N_terminal_quarter
EPISODE_008,PILOT_EPISODE_008_012,7,S,L,S7L,DYEVGE[S]VTVMDGP,True,1,0.029375,pass,stabilizing,historical_pilot_not_queryable_variant,-0.483870,N_terminal_quarter
EPISODE_008,PILOT_EPISODE_008_013,7,S,V,S7V,DYEVGE[S]VTVMDGP,True,1,0.064326,pass,stabilizing,historical_pilot_not_queryable_variant,-0.681141,N_terminal_quarter
EPISODE_008,PILOT_EPISODE_008_014,7,S,I,S7I,DYEVGE[S]VTVMDGP,True,1,0.035024,pass,stabilizing,historical_pilot_not_queryable_variant,-0.807453,N_terminal_quarter
EPISODE_008,PILOT_EPISODE_008_015,7,S,F,S7F,DYEVGE[S]VTVMDGP,True,1,0.042112,pass,stabilizing,historical_pilot_not_queryable_variant,-0.139542,N_terminal_quarter
EPISODE_008,PILOT_EPISODE_008_016,12,D,A,D12A,GESVTVM[D]GPFATLP,True,1,0.039765,pass,stabilizing,historical_pilot_not_queryable_variant,-0.147688,N_terminal_quarter
EPISODE_008,PILOT_EPISODE_008_017,12,D,L,D12L,GESVTVM[D]GPFATLP,False,1,0.029124,pass,destabilizing,historical_pilot_not_queryable_variant,0.423668,N_terminal_quarter
EPISODE_008,PILOT_EPISODE_008_018,12,D,V,D12V,GESVTVM[D]GPFATLP,True,1,0.034486,pass,stabilizing,historical_pilot_not_queryable_variant,-0.505034,N_terminal_quarter
EPISODE_008,PILOT_EPISODE_008_019,12,D,I,D12I,GESVTVM[D]GPFATLP,True,1,0.036587,pass,near_neutral,historical_pilot_not_queryable_variant,-0.081074,N_terminal_quarter
EPISODE_008,PILOT_EPISODE_008_020,12,D,F,D12F,GESVTVM[D]GPFATLP,True,1,0.066506,pass,stabilizing,historical_pilot_not_queryable_variant,-0.495716,N_terminal_quarter
EPISODE_008,PILOT_EPISODE_008_021,30,Q,A,Q30A,SEVNAEQ[Q]KLKVLVS,False,1,0.030292,pass,destabilizing,historical_pilot_not_queryable_variant,0.692731,middle_right
EPISODE_008,PILOT_EPISODE_008_022,30,Q,L,Q30L,SEVNAEQ[Q]KLKVLVS,False,1,0.033292,pass,destabilizing,historical_pilot_not_queryable_variant,0.469600,middle_right
EPISODE_008,PILOT_EPISODE_008_023,30,Q,V,Q30V,SEVNAEQ[Q]KLKVLVS,False,1,0.064104,pass,destabilizing,historical_pilot_not_queryable_variant,1.970131,middle_right
EPISODE_008,PILOT_EPISODE_008_024,30,Q,I,Q30I,SEVNAEQ[Q]KLKVLVS,False,1,0.028829,pass,destabilizing,historical_pilot_not_queryable_variant,2.340691,middle_right
EPISODE_008,PILOT_EPISODE_008_025,30,Q,F,Q30F,SEVNAEQ[Q]KLKVLVS,False,1,0.028021,pass,destabilizing,historical_pilot_not_queryable_variant,0.477232,middle_right
EPISODE_008,PILOT_EPISODE_008_026,31,K,A,K31A,EVNAEQQ[K]LKVLVSI,False,1,0.026028,pass,destabilizing,historical_pilot_not_queryable_variant,1.158744,middle_right
EPISODE_008,PILOT_EPISODE_008_027,31,K,L,K31L,EVNAEQQ[K]LKVLVSI,True,1,0.036914,pass,stabilizing,historical_pilot_not_queryable_variant,-0.244504,middle_right
EPISODE_008,PILOT_EPISODE_008_028,31,K,V,K31V,EVNAEQQ[K]LKVLVSI,False,1,0.030247,pass,near_neutral,historical_pilot_not_queryable_variant,0.075877,middle_right
EPISODE_008,PILOT_EPISODE_008_029,31,K,I,K31I,EVNAEQQ[K]LKVLVSI,True,1,0.042956,pass,near_neutral,historical_pilot_not_queryable_variant,-0.056657,middle_right
EPISODE_008,PILOT_EPISODE_008_030,31,K,F,K31F,EVNAEQQ[K]LKVLVSI,False,1,0.040793,pass,destabilizing,historical_pilot_not_queryable_variant,0.755496,middle_right
EPISODE_008,PILOT_EPISODE_008_031,41,R,A,R41A,VLVSIFG[R]ETPVELT,False,1,0.030490,pass,destabilizing,historical_pilot_not_queryable_variant,0.299876,middle_right
EPISODE_008,PILOT_EPISODE_008_032,41,R,L,R41L,VLVSIFG[R]ETPVELT,True,1,0.078053,pass,stabilizing,historical_pilot_not_queryable_variant,-0.134920,middle_right
EPISODE_008,PILOT_EPISODE_008_033,41,R,V,R41V,VLVSIFG[R]ETPVELT,True,1,0.060976,pass,stabilizing,historical_pilot_not_queryable_variant,-0.553256,middle_right
EPISODE_008,PILOT_EPISODE_008_034,41,R,I,R41I,VLVSIFG[R]ETPVELT,True,1,0.057598,pass,stabilizing,historical_pilot_not_queryable_variant,-0.422371,middle_right
EPISODE_008,PILOT_EPISODE_008_035,41,R,F,R41F,VLVSIFG[R]ETPVELT,False,1,0.030495,pass,near_neutral,historical_pilot_not_queryable_variant,0.074865,middle_right
EPISODE_008,PILOT_EPISODE_008_036,46,E,A,E46A,FGRETPV[E]LTFGQVS,False,1,0.039947,pass,destabilizing,historical_pilot_not_queryable_variant,1.255656,C_terminal_quarter
EPISODE_008,PILOT_EPISODE_008_037,46,E,L,E46L,FGRETPV[E]LTFGQVS,False,1,0.042538,pass,destabilizing,historical_pilot_not_queryable_variant,0.707950,C_terminal_quarter
EPISODE_008,PILOT_EPISODE_008_038,46,E,V,E46V,FGRETPV[E]LTFGQVS,False,1,0.054885,pass,destabilizing,historical_pilot_not_queryable_variant,0.418888,C_terminal_quarter
EPISODE_008,PILOT_EPISODE_008_039,46,E,I,E46I,FGRETPV[E]LTFGQVS,False,1,0.059079,pass,destabilizing,historical_pilot_not_queryable_variant,0.223232,C_terminal_quarter
EPISODE_008,PILOT_EPISODE_008_040,46,E,F,E46F,FGRETPV[E]LTFGQVS,False,1,0.039420,pass,destabilizing,historical_pilot_not_queryable_variant,0.469653,C_terminal_quarter
EPISODE_009,PILOT_EPISODE_009_001,2,K,A,K2A,M[K]VIFLKDV,False,1,0.095946,pass,destabilizing,historical_pilot_not_queryable_variant,0.301983,N_terminal_quarter
EPISODE_009,PILOT_EPISODE_009_002,2,K,L,K2L,M[K]VIFLKDV,True,1,0.089538,pass,stabilizing,historical_pilot_not_queryable_variant,-0.666409,N_terminal_quarter
EPISODE_009,PILOT_EPISODE_009_003,2,K,V,K2V,M[K]VIFLKDV,False,1,0.108155,pass,near_neutral,historical_pilot_not_queryable_variant,0.021911,N_terminal_quarter
EPISODE_009,PILOT_EPISODE_009_004,2,K,I,K2I,M[K]VIFLKDV,True,1,0.076407,pass,near_neutral,historical_pilot_not_queryable_variant,-0.008647,N_terminal_quarter
EPISODE_009,PILOT_EPISODE_009_005,2,K,F,K2F,M[K]VIFLKDV,True,1,0.048197,pass,stabilizing,historical_pilot_not_queryable_variant,-0.331735,N_terminal_quarter
EPISODE_009,PILOT_EPISODE_009_006,8,D,A,D8A,MKVIFLK[D]VKGKGKK,False,1,0.053838,pass,destabilizing,historical_pilot_not_queryable_variant,0.987042,N_terminal_quarter
EPISODE_009,PILOT_EPISODE_009_007,8,D,L,D8L,MKVIFLK[D]VKGKGKK,False,1,0.051373,pass,destabilizing,historical_pilot_not_queryable_variant,1.954962,N_terminal_quarter
EPISODE_009,PILOT_EPISODE_009_008,8,D,V,D8V,MKVIFLK[D]VKGKGKK,False,1,0.041336,pass,destabilizing,historical_pilot_not_queryable_variant,2.216238,N_terminal_quarter
EPISODE_009,PILOT_EPISODE_009_009,8,D,I,D8I,MKVIFLK[D]VKGKGKK,False,1,0.042238,pass,destabilizing,historical_pilot_not_queryable_variant,2.232850,N_terminal_quarter
EPISODE_009,PILOT_EPISODE_009_010,8,D,F,D8F,MKVIFLK[D]VKGKGKK,False,1,0.046635,pass,destabilizing,historical_pilot_not_queryable_variant,0.818744,N_terminal_quarter
EPISODE_009,PILOT_EPISODE_009_011,10,K,A,K10A,VIFLKDV[K]GKGKKGE,True,1,0.061025,pass,near_neutral,historical_pilot_not_queryable_variant,-0.078445,N_terminal_quarter
EPISODE_009,PILOT_EPISODE_009_012,10,K,L,K10L,VIFLKDV[K]GKGKKGE,True,1,0.063748,pass,near_neutral,historical_pilot_not_queryable_variant,-0.029431,N_terminal_quarter
EPISODE_009,PILOT_EPISODE_009_013,10,K,V,K10V,VIFLKDV[K]GKGKKGE,False,1,0.053936,pass,destabilizing,historical_pilot_not_queryable_variant,0.144443,N_terminal_quarter
EPISODE_009,PILOT_EPISODE_009_014,10,K,I,K10I,VIFLKDV[K]GKGKKGE,False,1,0.072002,pass,near_neutral,historical_pilot_not_queryable_variant,0.029533,N_terminal_quarter
EPISODE_009,PILOT_EPISODE_009_015,10,K,F,K10F,VIFLKDV[K]GKGKKGE,True,1,0.051836,pass,stabilizing,historical_pilot_not_queryable_variant,-0.110580,N_terminal_quarter
EPISODE_009,PILOT_EPISODE_009_016,11,G,A,G11A,IFLKDVK[G]KGKKGEI,False,1,0.052508,pass,destabilizing,historical_pilot_not_queryable_variant,1.968088,N_terminal_quarter
EPISODE_009,PILOT_EPISODE_009_017,11,G,L,G11L,IFLKDVK[G]KGKKGEI,False,1,0.058427,pass,destabilizing,historical_pilot_not_queryable_variant,1.453540,N_terminal_quarter
EPISODE_009,PILOT_EPISODE_009_018,11,G,V,G11V,IFLKDVK[G]KGKKGEI,False,1,0.170703,pass,destabilizing,historical_pilot_not_queryable_variant,3.653061,N_terminal_quarter
EPISODE_009,PILOT_EPISODE_009_019,11,G,I,G11I,IFLKDVK[G]KGKKGEI,False,1,0.179695,pass,destabilizing,historical_pilot_not_queryable_variant,4.496044,N_terminal_quarter
EPISODE_009,PILOT_EPISODE_009_020,11,G,F,G11F,IFLKDVK[G]KGKKGEI,False,1,0.082200,pass,destabilizing,historical_pilot_not_queryable_variant,0.990584,N_terminal_quarter
EPISODE_009,PILOT_EPISODE_009_021,16,G,A,G16A,VKGKGKK[G]EIKNVAD,False,1,0.048647,pass,destabilizing,historical_pilot_not_queryable_variant,1.932954,middle_left
EPISODE_009,PILOT_EPISODE_009_022,16,G,L,G16L,VKGKGKK[G]EIKNVAD,False,1,0.049151,pass,destabilizing,historical_pilot_not_queryable_variant,1.653010,middle_left
EPISODE_009,PILOT_EPISODE_009_023,16,G,V,G16V,VKGKGKK[G]EIKNVAD,False,1,0.244618,pass,destabilizing,historical_pilot_not_queryable_variant,4.708918,middle_left
EPISODE_009,PILOT_EPISODE_009_024,16,G,I,G16I,VKGKGKK[G]EIKNVAD,False,1,0.131907,pass,destabilizing,historical_pilot_not_queryable_variant,4.464030,middle_left
EPISODE_009,PILOT_EPISODE_009_025,16,G,F,G16F,VKGKGKK[G]EIKNVAD,False,1,0.052344,pass,destabilizing,historical_pilot_not_queryable_variant,0.515027,middle_left
EPISODE_009,PILOT_EPISODE_009_026,35,L,A,L35A,NFLFKQG[L]AIEATPA,False,1,0.060851,pass,destabilizing,historical_pilot_not_queryable_variant,1.536866,middle_right
EPISODE_009,PILOT_EPISODE_009_027,35,L,V,L35V,NFLFKQG[L]AIEATPA,False,2,0.073785,pass,destabilizing,historical_pilot_not_queryable_variant,1.401715,middle_right
EPISODE_009,PILOT_EPISODE_009_028,35,L,I,L35I,NFLFKQG[L]AIEATPA,False,1,0.077552,pass,destabilizing,historical_pilot_not_queryable_variant,0.969537,middle_right
EPISODE_009,PILOT_EPISODE_009_029,35,L,F,L35F,NFLFKQG[L]AIEATPA,False,1,0.060368,pass,destabilizing,historical_pilot_not_queryable_variant,0.328980,middle_right
EPISODE_009,PILOT_EPISODE_009_030,35,L,Y,L35Y,NFLFKQG[L]AIEATPA,False,1,0.063782,pass,destabilizing,historical_pilot_not_queryable_variant,0.193821,middle_right
EPISODE_009,PILOT_EPISODE_009_031,40,T,A,T40A,QGLAIEA[T]PANLKAL,False,1,0.047073,pass,destabilizing,historical_pilot_not_queryable_variant,2.163316,C_terminal_quarter
EPISODE_009,PILOT_EPISODE_009_032,40,T,L,T40L,QGLAIEA[T]PANLKAL,False,1,0.062467,pass,destabilizing,historical_pilot_not_queryable_variant,1.739500,C_terminal_quarter
EPISODE_009,PILOT_EPISODE_009_033,40,T,V,T40V,QGLAIEA[T]PANLKAL,False,1,0.042876,pass,destabilizing,historical_pilot_not_queryable_variant,1.977085,C_terminal_quarter
EPISODE_009,PILOT_EPISODE_009_034,40,T,I,T40I,QGLAIEA[T]PANLKAL,False,1,0.048509,pass,destabilizing,historical_pilot_not_queryable_variant,1.512425,C_terminal_quarter
EPISODE_009,PILOT_EPISODE_009_035,40,T,F,T40F,QGLAIEA[T]PANLKAL,False,1,0.046887,pass,destabilizing,historical_pilot_not_queryable_variant,2.199550,C_terminal_quarter
EPISODE_009,PILOT_EPISODE_009_036,42,A,L,A42L,LAIEATP[A]NLKALE,False,1,0.048917,pass,destabilizing,historical_pilot_not_queryable_variant,0.667127,C_terminal_quarter
EPISODE_009,PILOT_EPISODE_009_037,42,A,V,A42V,LAIEATP[A]NLKALE,False,1,0.051599,pass,destabilizing,historical_pilot_not_queryable_variant,0.616134,C_terminal_quarter
EPISODE_009,PILOT_EPISODE_009_038,42,A,I,A42I,LAIEATP[A]NLKALE,False,1,0.059339,pass,destabilizing,historical_pilot_not_queryable_variant,0.702825,C_terminal_quarter
EPISODE_009,PILOT_EPISODE_009_039,42,A,F,A42F,LAIEATP[A]NLKALE,False,1,0.062325,pass,destabilizing,historical_pilot_not_queryable_variant,0.750558,C_terminal_quarter
EPISODE_009,PILOT_EPISODE_009_040,42,A,Y,A42Y,LAIEATP[A]NLKALE,False,1,0.074423,pass,destabilizing,historical_pilot_not_queryable_variant,0.470866,C_terminal_quarter
EPISODE_010,PILOT_EPISODE_010_001,10,R,A,R10A,SSRVKSK[R]IQLGLNQ,False,1,0.032139,pass,destabilizing,historical_pilot_not_queryable_variant,3.231085,N_terminal_quarter
EPISODE_010,PILOT_EPISODE_010_002,10,R,L,R10L,SSRVKSK[R]IQLGLNQ,False,1,0.030016,pass,destabilizing,historical_pilot_not_queryable_variant,2.747365,N_terminal_quarter
EPISODE_010,PILOT_EPISODE_010_003,10,R,V,R10V,SSRVKSK[R]IQLGLNQ,False,1,0.041643,pass,destabilizing,historical_pilot_not_queryable_variant,3.498366,N_terminal_quarter
EPISODE_010,PILOT_EPISODE_010_004,10,R,I,R10I,SSRVKSK[R]IQLGLNQ,False,1,0.038939,pass,destabilizing,historical_pilot_not_queryable_variant,1.946694,N_terminal_quarter
EPISODE_010,PILOT_EPISODE_010_005,10,R,F,R10F,SSRVKSK[R]IQLGLNQ,False,1,0.038148,pass,destabilizing,historical_pilot_not_queryable_variant,3.220538,N_terminal_quarter
EPISODE_010,PILOT_EPISODE_010_006,16,N,A,N16A,KRIQLGL[N]QAELAQK,False,1,0.070190,pass,destabilizing,historical_pilot_not_queryable_variant,0.621542,middle_left
EPISODE_010,PILOT_EPISODE_010_007,16,N,L,N16L,KRIQLGL[N]QAELAQK,False,1,0.043579,pass,destabilizing,historical_pilot_not_queryable_variant,0.932713,middle_left
EPISODE_010,PILOT_EPISODE_010_008,16,N,V,N16V,KRIQLGL[N]QAELAQK,False,1,0.035960,pass,destabilizing,historical_pilot_not_queryable_variant,1.617197,middle_left
EPISODE_010,PILOT_EPISODE_010_009,16,N,I,N16I,KRIQLGL[N]QAELAQK,False,1,0.060172,pass,destabilizing,historical_pilot_not_queryable_variant,1.462066,middle_left
EPISODE_010,PILOT_EPISODE_010_010,16,N,F,N16F,KRIQLGL[N]QAELAQK,False,1,0.054084,pass,destabilizing,historical_pilot_not_queryable_variant,1.902860,middle_left
EPISODE_010,PILOT_EPISODE_010_011,18,A,L,A18L,IQLGLNQ[A]ELAQKVG,True,1,0.027964,pass,stabilizing,historical_pilot_not_queryable_variant,-0.117657,middle_left
EPISODE_010,PILOT_EPISODE_010_012,18,A,V,A18V,IQLGLNQ[A]ELAQKVG,False,1,0.063667,pass,destabilizing,historical_pilot_not_queryable_variant,0.492507,middle_left
EPISODE_010,PILOT_EPISODE_010_013,18,A,I,A18I,IQLGLNQ[A]ELAQKVG,False,1,0.053815,pass,destabilizing,historical_pilot_not_queryable_variant,0.259173,middle_left
EPISODE_010,PILOT_EPISODE_010_014,18,A,F,A18F,IQLGLNQ[A]ELAQKVG,True,1,0.038539,pass,stabilizing,historical_pilot_not_queryable_variant,-0.121522,middle_left
EPISODE_010,PILOT_EPISODE_010_015,18,A,Y,A18Y,IQLGLNQ[A]ELAQKVG,True,1,0.036153,pass,stabilizing,historical_pilot_not_queryable_variant,-0.178143,middle_left
EPISODE_010,PILOT_EPISODE_010_016,29,Q,A,Q29A,QKVGTTQ[Q]SIEQLEN,True,1,0.042984,pass,near_neutral,historical_pilot_not_queryable_variant,-0.006886,middle_left
EPISODE_010,PILOT_EPISODE_010_017,29,Q,L,Q29L,QKVGTTQ[Q]SIEQLEN,True,1,0.040933,pass,near_neutral,historical_pilot_not_queryable_variant,-0.098668,middle_left
EPISODE_010,PILOT_EPISODE_010_018,29,Q,V,Q29V,QKVGTTQ[Q]SIEQLEN,False,1,0.051419,pass,destabilizing,historical_pilot_not_queryable_variant,0.208114,middle_left
EPISODE_010,PILOT_EPISODE_010_019,29,Q,I,Q29I,QKVGTTQ[Q]SIEQLEN,False,1,0.032010,pass,destabilizing,historical_pilot_not_queryable_variant,0.174660,middle_left
EPISODE_010,PILOT_EPISODE_010_020,29,Q,F,Q29F,QKVGTTQ[Q]SIEQLEN,True,1,0.051548,pass,stabilizing,historical_pilot_not_queryable_variant,-0.324420,middle_left
EPISODE_010,PILOT_EPISODE_010_021,32,E,A,E32A,GTTQQSI[E]QLENGKT,True,1,0.094615,pass,stabilizing,historical_pilot_not_queryable_variant,-0.112978,middle_right
EPISODE_010,PILOT_EPISODE_010_022,32,E,L,E32L,GTTQQSI[E]QLENGKT,False,1,0.028127,pass,destabilizing,historical_pilot_not_queryable_variant,0.532822,middle_right
EPISODE_010,PILOT_EPISODE_010_023,32,E,V,E32V,GTTQQSI[E]QLENGKT,False,1,0.050041,pass,near_neutral,historical_pilot_not_queryable_variant,0.077860,middle_right
EPISODE_010,PILOT_EPISODE_010_024,32,E,I,E32I,GTTQQSI[E]QLENGKT,True,1,0.032642,pass,near_neutral,historical_pilot_not_queryable_variant,-0.017047,middle_right
EPISODE_010,PILOT_EPISODE_010_025,32,E,F,E32F,GTTQQSI[E]QLENGKT,False,1,0.088686,pass,destabilizing,historical_pilot_not_queryable_variant,0.558405,middle_right
EPISODE_010,PILOT_EPISODE_010_026,47,E,A,E47A,KRPRFLP[E]LASALGV,True,1,0.039211,pass,stabilizing,historical_pilot_not_queryable_variant,-0.217373,C_terminal_quarter
EPISODE_010,PILOT_EPISODE_010_027,47,E,L,E47L,KRPRFLP[E]LASALGV,False,1,0.059592,pass,destabilizing,historical_pilot_not_queryable_variant,0.356584,C_terminal_quarter
EPISODE_010,PILOT_EPISODE_010_028,47,E,V,E47V,KRPRFLP[E]LASALGV,False,1,0.025017,pass,destabilizing,historical_pilot_not_queryable_variant,0.807942,C_terminal_quarter
EPISODE_010,PILOT_EPISODE_010_029,47,E,I,E47I,KRPRFLP[E]LASALGV,False,1,0.032775,pass,destabilizing,historical_pilot_not_queryable_variant,0.727974,C_terminal_quarter
EPISODE_010,PILOT_EPISODE_010_030,47,E,F,E47F,KRPRFLP[E]LASALGV,False,1,0.028841,pass,destabilizing,historical_pilot_not_queryable_variant,0.974039,C_terminal_quarter
EPISODE_010,PILOT_EPISODE_010_031,49,A,L,A49L,PRFLPEL[A]SALGVSV,False,1,0.064987,pass,destabilizing,historical_pilot_not_queryable_variant,2.011480,C_terminal_quarter
EPISODE_010,PILOT_EPISODE_010_032,49,A,V,A49V,PRFLPEL[A]SALGVSV,False,1,0.030303,pass,destabilizing,historical_pilot_not_queryable_variant,1.902726,C_terminal_quarter
EPISODE_010,PILOT_EPISODE_010_033,49,A,I,A49I,PRFLPEL[A]SALGVSV,False,1,0.030568,pass,destabilizing,historical_pilot_not_queryable_variant,2.206012,C_terminal_quarter
EPISODE_010,PILOT_EPISODE_010_034,49,A,F,A49F,PRFLPEL[A]SALGVSV,False,1,0.025932,pass,destabilizing,historical_pilot_not_queryable_variant,3.259131,C_terminal_quarter
EPISODE_010,PILOT_EPISODE_010_035,49,A,Y,A49Y,PRFLPEL[A]SALGVSV,False,1,0.043349,pass,destabilizing,historical_pilot_not_queryable_variant,3.692793,C_terminal_quarter
EPISODE_010,PILOT_EPISODE_010_036,55,S,A,S55A,LASALGV[S]VDWLLN,False,1,0.034974,pass,destabilizing,historical_pilot_not_queryable_variant,0.719465,C_terminal_quarter
EPISODE_010,PILOT_EPISODE_010_037,55,S,L,S55L,LASALGV[S]VDWLLN,False,1,0.032541,pass,destabilizing,historical_pilot_not_queryable_variant,1.162892,C_terminal_quarter
EPISODE_010,PILOT_EPISODE_010_038,55,S,V,S55V,LASALGV[S]VDWLLN,False,1,0.037947,pass,destabilizing,historical_pilot_not_queryable_variant,1.672037,C_terminal_quarter
EPISODE_010,PILOT_EPISODE_010_039,55,S,I,S55I,LASALGV[S]VDWLLN,False,1,0.047847,pass,destabilizing,historical_pilot_not_queryable_variant,1.782716,C_terminal_quarter
EPISODE_010,PILOT_EPISODE_010_040,55,S,F,S55F,LASALGV[S]VDWLLN,False,1,0.037461,pass,destabilizing,historical_pilot_not_queryable_variant,1.850288,C_terminal_quarter
